CODIGO,NPREDNAL,NOMBRE,DIRECCION,DESCRIPCION,VALOR_PAGADO,LO_QUE_DEBIO_COBRAR,DEVOLUCION,FACTURA
1.0,10001000000000.0,ALIRIO MERCHAN MERCHAN,BUCUTA VDA TENERIFE,Rural,0,30067,5237,2026003912.0
2.0,10002000000000.0,GONZALO ESPINEL GARCIA,EL TACHUELO VDA TENERIFE,Rural,35305,30067,5237,2026000003.0
3.0,10003000000000.0,ANA BETULIA CES ECHEVERRIA MORA,EUCALIPTO VDA TENERIFE,Rural,55970,47550,8420,2026000004.0
4.0,10004000000000.0,ABRAHAM CES MORA ORTIZ,EL ALJIBE VDA TENERIFE,Rural,121020,103417,17602,2026000005.0
5.0,10005000000000.0,ABRAHAM CES MORA ORTIZ,TACHUELITO VDA TENERIFE,Rural,44940,36247,8692,2026000006.0
6.0,10006000000000.0,ABRAHAM MORA ORTIZ,TACHUELITO Y AGUADITA VDA TENERIFE,Rural,21215,20452,762,2026000007.0
7.0,10007000000000.0,GONZALO ESPINEL GARCIA,EL POLEO Y EL ANGOSTO VDA TENERIFE,Rural,133195,112230,20965,2026000008.0
9.0,10009000000000.0,JAIME CES BETANCOUR,CAFETAL VDA TENERIFE,Rural,16400,15472,927,2026000010.0
10.0,10010000000000.0,IVAN AYALA ROJAS,EL UVO VDA TENERIFE,Rural,151170,132217,18952,2026000011.0
11.0,10011000000000.0,SERGIO ALEXANDER AYALA BETANCOURTH,LA LAGUNA VDA TENERIFE,Rural,23790,21772,2017,2026000012.0
12.0,10012000000000.0,GONZALO ESPINEL GARCIA,JABONCILLO VDA TENERIFE,Rural,64830,52417,12412,2026000013.0
13.0,10013000000000.0,MIRIAM GONZALEZ SUAREZ,EL HOTICON VDA TENERIFE,Rural,123315,102232,21082,2026000014.0
14.0,10015000000000.0,NANCI JOHANA AYALA TORRES,EL PINO VDA TENERIFE,Rural,129055,114540,14515,2026000015.0
15.0,10016000000000.0,ALVARO SANDOVAL MORA,EL POLEO VDA TENERIFE,Rural,167775,148162,19612,2026000016.0
16.0,10017000000000.0,JOSE JAIME ESPINEL GARCIA,EL UVITO EL VOLCAN LA ESPERANZA,Rural,174800,154665,20135,2026000017.0
17.0,10018000000000.0,ORLANDO HERNANDEZ BOLIVAR,LA LAJA VDA TENERIFE,Rural,177350,156457,20892,2026000018.0
19.0,10020000000000.0,ANA BETULIA CES ECHEVERRIA MORA,CHIFLON VDA TENERIFE,Rural,20600,16560,4040,2026000020.0
20.0,10021000000000.0,PASTOR SUC NINO,BUENOS AIRES VDA TENERIFE,Rural,10305,8992,1312,2026000021.0
21.0,10022000000000.0,ROSA ELENA SIERRA RIANO,LAVADEROS LO 1 VDA TENERIFE,Rural,160620,142942,17677,2026000022.0
23.0,10024000000000.0,CUADROS RAIMUNDO,EL SORURO VDA TENERIFE,Rural,14195,13057,1137,2026000024.0
24.0,10025000000000.0,MARIA FELISA FAJARDO ROJAS,EL NARANJITO VDA TENERIFE,Rural,99765,86002,13762,2026000025.0
25.0,10026000000000.0,ADRIANA ESPINEL CUADROS,CORRALITOS VDA TENERIFE,Rural,40880,35302,5577,2026000026.0
26.0,10027000000000.0,GUSTAVO MORA,EL LAVADERO VDA TENERIFE,Rural,54755,52260,2495,2026000027.0
28.0,10029000000000.0,PACIFICO HERNANDEZ ROJAS,ALGIBE VDA TENERIFE,Rural,50630,48187,2442,2026000029.0
29.0,10030000000000.0,ABRAHAM MORA ORTIZ,LA CORRALEJA VDA TENERIFE,Rural,22470,18120,4350,2026000030.0
32.0,10033000000000.0,MERCEDES SIERRA RIAÑO,EL ALGIBE GRANADILLO VDA TENERIFE,Rural,84990,72667,12322,2026000032.0
33.0,10034000000000.0,DESIDERIO ROJAS ROJAS,EL SORURO VDA TENERIFE,Rural,44940,36247,8692,2026000033.0
34.0,10035000000000.0,EDGAR CES SIERRA RIANO,EL ALGIBE VDA TENERIFE,Rural,100130,81622,18507,2026000034.0
37.0,10038000000000.0,HERMES CACERES,EL SORURO,Rural,199630,182557,17072,2026000037.0
39.0,10040000000000.0,HERMES CACERES,EL GUAYABO,Rural,107860,86977,20882,2026000039.0
40.0,10041000000000.0,LEIDY XIMENA CACERES NINO,EL GUAYABO VDA TENERIFE,Rural,80895,65227,15667,2026000040.0
41.0,10043000000000.0,ANA BETULIA ECHEVERRIA MORA,EL ALGIBE VDA TENERIFE,Rural,65535,64335,1200,2026000041.0
42.0,10044000000000.0,BENJAMIN HERNANDEZ ROJAS,EL SORURO,Rural,62920,50745,12175,2026000042.0
43.0,10045000000000.0,OLMEDO VARGAS ROJAS,HERRERUNO VDA TENERIFE,Rural,76090,66997,9092,2026000043.0
46.0,10049000000000.0,MOISES TARAZONA SANCHEZ,EL CHIRIMOYO VDA TENERIFE,Rural,22470,18120,4350,2026000046.0
47.0,10050000000000.0,JUANITO OLEJUA REY,PEDAZO LARGO VDA TENERIFE,Rural,58425,47115,11310,2026000047.0
48.0,10051000000000.0,RAUL NIÑO REYES,EL YATAGO VDA TENERIFE,Rural,173595,139845,33750,2026000048.0
49.0,10052000000000.0,OLMEDO VARGAS ROJAS,EL SOLAR VDA TENERIFE,Rural,88875,71467,17407,2026000049.0
50.0,10053000000000.0,OLMEDO VARGAS ROJAS,BUENAVISTA VDA TENERIFE,Rural,100900,83625,17275,2026000050.0
51.0,10054000000000.0,EVANGELINA ROJAS HERNANDEZ,LOS PALCHOS VDA TENERIFE,Rural,94240,79732,14507,2026000051.0
52.0,10055000000000.0,HERNAN ROJAS,EL HATO VDA TENERIFE,Rural,223085,179572,43512,2026000052.0
53.0,10056000000000.0,RAIMUNDO CUADROS,ARBOL SOLO VDA TENERIFE,Rural,19590,17842,1747,2026000053.0
54.0,10057000000000.0,ORLANDO HERNANDEZ BOLIVAR,FINCA SAN PEDRO LO 1,Rural,112515,105720,6795,2026000054.0
56.0,10059000000000.0,RAMIRO MENDEZ FAJARDO,LLANO GRANDE VDA TENERIFE,Rural,73170,73035,135,2026000056.0
59.0,10062000000000.0,BENJAMIN HERNANDEZ ROJAS,CUARTILLO VDA TENERIFE,Rural,90240,67680,22560,2026000059.0
61.0,10064000000000.0,VIVIANA LORENA ULLOA MERCHAN,EL UVO VDA TENERIFE,Rural,99470,88627,10842,2026000061.0
63.0,10067000000000.0,RAUL NIÑO REYES,EL NARANJO VDA TENERIFE,Rural,33245,26880,6365,2026000063.0
64.0,10068000000000.0,MOISES TARAZONA SANCHEZ,EL MEJICO VDA TENERIFE,Rural,88340,69997,18342,2026000064.0
65.0,10069000000000.0,JOSE FRANCISCO GARNICA REYES,SORURO O SORURAL VDA TENERIFE,Rural,62250,48765,13485,2026000065.0
66.0,10070000000000.0,MARIA ELVA TARAZONA REYES,EL NARANJITO,Rural,37310,28020,9290,2026000066.0
67.0,10071000000000.0,MARIA CAMILA OSORIO ANAYA,CUARTILLO VDA TENERIFE,Rural,182335,139905,42430,2026000067.0
69.0,10073000000000.0,SANTIAGO TARAZONA REYES,LOS MEDIOS VDA TENERIFE,Rural,32210,24157,8052,2026000069.0
70.0,10074000000000.0,WILMER EFREN HERNANDEZ REYES,EL CUCHARO VDA TENERIFE,Rural,25450,19087,6362,2026000070.0
73.0,10077000000000.0,MARIO NINO REYES,EL ROBLE VDA TENERIFE,Rural,78090,58567,19522,2026000073.0
74.0,10078000000000.0,EMILIO EFRAIN FAJARDO TARAZONA,EL GAQUE VDA TENERIFE,Rural,51225,38692,12532,2026000074.0
76.0,10081000000000.0,MARIA ANTONIA CES ROSAS MORA,EL ROBLE VDA TENERIFEE,Rural,120455,99892,20562,2026000076.0
77.0,10082000000000.0,MERY CES GONZALEZ CACERES,EL ROBLE EL BOQUERON VDA TENERIFE,Rural,116770,104265,12505,2026000077.0
78.0,10083000000000.0,MERY GONZALEZ CACERES,EL BOQUERON VDA TENERIFE,Rural,54160,51195,2965,2026000078.0
79.0,10084000000000.0,PEDRO JESUS ROSAS MORA,BOQUERON LOMA DEL ROBLE VDA TENERI,Rural,69410,64875,4535,2026000079.0
80.0,10085000000000.0,ADAN SIERRA MORA,EL ROBLALITO DEL,Rural,13530,12075,1455,2026000080.0
83.0,10090000000000.0,JULIO CORDERO PARRA,BOQUERON ROBLES VDA TENERIFE,Rural,78000,67552,10447,2026000083.0
85.0,10092000000000.0,VICTOR MANUEL CE BONILLA GONZALEZ,LOMA DEL EUCALIPTUS Y LA PARADA V,Rural,76180,68025,8155,2026000085.0
86.0,10093000000000.0,MARIA EXCELINA MEJIA FLOREZ,EL JUNCO VDA: TENEFIRE,Rural,11785,9765,2020,2026000086.0
87.0,10094000000000.0,MARIA EXCELINA MEJIA FLOREZ,EL GUAMO VDA TENERIFE,Rural,34520,31267,3252,2026000087.0
88.0,10095000000000.0,ELADIO FAJARDO GARCIA,EL BOQUERON VDA TENERIFE,Rural,32255,27510,4745,2026000088.0
89.0,10096000000000.0,CARMEN ROSA ROJAS REYES,MIRAFLORES VDA TENERIFE,Rural,34455,27787,6667,2026000089.0
90.0,10097000000000.0,CARMEN ROSA ROJAS REYES,PUENTE DEL BUITRE VDA TENERIFE,Rural,14980,12075,2905,2026000090.0
91.0,10098000000000.0,CARMEN ROSA ROJAS REYES,EL UVO VDA TENERIFE,Rural,15850,13807,2042,2026000091.0
92.0,10099000000000.0,MARIA VISITACION CES REYES ROJAS,BANQUITO VDA TENERIFE,Rural,13220,11077,2142,2026000092.0
93.0,10100000000000.0,ALFONSO TARAZONA SIERRA,BANCO BAJO VDA TENERIFE,Rural,11985,9690,2295,2026000093.0
94.0,10101000000000.0,MARIA DELIS ROJAS TARAZONA,BANCO BAJO VDA TENERIFE,Rural,44870,38077,6792,2026000094.0
95.0,10102000000000.0,LIBERTO TARAZONA HERNANDEZ,EL TANQUE VDA TENERIFE,Rural,87250,73065,14185,2026000095.0
97.0,10105000000000.0,GUILLERMO LUIS TARAZONA GUERRERO,EL TOBO VDA TENERIFE,Rural,5630,4222,1407,2026000097.0
98.0,10106000000000.0,MARIA DE LA CRUZ SUC TARAZONA NIÑO,EL ENCERRADO,Rural,8240,6180,2060,2026000098.0
99.0,10107000000000.0,JOSE ALFREDO TARAZONA TARAZONA,LA CENTELLA VDA TENERIFE,Rural,28140,21105,7035,2026000099.0
100.0,10108000000000.0,ALBA YANETH RINCON MENDEZ,CENTELLA,Rural,11930,8947,2982,2026000100.0
101.0,10109000000000.0,MARCO ANTONIO SIERRA GUERRERO,HOYADA,Rural,1440,1080,360,2026000101.0
104.0,10112000000000.0,JULIO CESAR CALDERON GUERRERO,EL GUAYABO VDA TENERIFE,Rural,800,600,200,2026000104.0
105.0,10113000000000.0,GERARDO TARAZONA SIERRA,LA HOYADA O SANTA MARTINA VDA TENE,Rural,34675,34297,377,2026000105.0
106.0,10114000000000.0,MARCO ANTONIO SIERRA GUERRERO,EL BOSQUECITO BAJO VDA TENERIFE,Rural,18760,14070,4690,2026000106.0
107.0,10115000000000.0,PRINCIPE NINO REYES,LOS EUCALIPTUS VDA TENERIFE,Rural,508570,431542,77027,2026000107.0
108.0,10116000000000.0,IRINEO REYES AYALA,LA RESERVA VDA TENERIFE,Rural,129250,100792,28457,2026000108.0
109.0,10117000000000.0,HECTOR LABRIANO CACERES MANRIQUE,QUEBRADITA VDA TENERIFE,Rural,57870,50865,7005,2026000109.0
112.0,10120000000000.0,ISABEL MEJIA CARDENAS,EL COCLI LO No 1,Rural,40460,35512,4947,2026000112.0
113.0,10121000000000.0,EDUAR LISANDRO NINO MEJIA,EL SALADITO VDA TENERIFE,Rural,14350,12240,2110,2026000113.0
114.0,10122000000000.0,MIGUEL MEJIA CALDERON,EL AMARGOSO VDA TENERIFE,Rural,18595,18594,0,2026000114.0
116.0,10124000000000.0,EDELMIRA FLOREZ VDA DE CORDERO,EL TRINITARIO LOTE 1 VDA TENERIFE,Rural,56670,52357,4312,2026000115.0
118.0,10126000000000.0,CECILIA SUAREZ,PATIO DE BOLAS VDA TENERIFE,Rural,137530,125137,12392,2026000116.0
119.0,10127000000000.0,HERMAN ROJAS,LA CRUZ VDA TENERIFE,Rural,162050,135487,26562,2026000117.0
120.0,10128000000000.0,ROSALBA ROJAS MORA,ALTO DE TENERIFE VDA TENERIFE,Rural,122150,94290,27860,2026000118.0
123.0,10132000000000.0,PATRICIA ROSAS HIGUERA,EL ROBLECITO VDA TENERIFE,Rural,19705,17587,2117,2026000120.0
125.0,10134000000000.0,MARIA ISARIA REYES FAJARDO,PABELLON VDA TENERIFE,Rural,115285,87015,28270,2026000122.0
127.0,10136000000000.0,EVANGELINA ROJAS FAJARDO,EL BUITRE VDA TENERIFE,Rural,14980,12075,2905,2026000124.0
128.0,10137000000000.0,MARIA VISITACION REYES ROJAS,AMARGOSO VDA TENERIFE,Rural,112285,89355,22930,2026000125.0
129.0,10138000000000.0,CLOTILDE REYES REYES,LOS EUCALIPTOS VDA TENERIFE,Rural,98640,74265,24375,2026000126.0
130.0,10139000000000.0,MARIA VISITACION REYES ROJAS,AYUELAL VDA TENERIFE,Rural,64450,48337,16112,2026000127.0
131.0,10140000000000.0,MARIA VISITACION REYES ROJAS,EL AYUELAL VDA TENERIFE,Rural,19320,14490,4830,2026000128.0
132.0,10141000000000.0,MOISES TARAZONA SANCHEZ,GUAMO VDA TENERIFE,Rural,130070,97552,32517,2026000129.0
133.0,10143000000000.0,LUIS ERNESTO CES ROJAS,EL MEJICO VDA TENERIFE,Rural,46020,38220,7800,2026000130.0
134.0,10144000000000.0,JUANITO OLEJUA REY,LAGUNETA VDA TENERIFE,Rural,44940,36247,8692,2026000131.0
135.0,10145000000000.0,ELIAS CES VARGAS,CANA BRAVA VDA TENERIFE,Rural,58075,46770,11305,2026000132.0
136.0,10146000000000.0,MARIBEL BELLO BUSTOS,LA CUEVA VDA TENERIFE,Rural,48130,38557,9572,2026000133.0
137.0,10147000000000.0,ELIAS VARGAS,EL CORDONCILLO EL UVO VDA TENERIFE,Rural,77415,63712,13702,2026000134.0
139.0,10149000000000.0,IRMA TARAZONA SANCHEZ,LAS CASAS VDA TENERIFE,Rural,190270,142702,47567,2026000136.0
140.0,10151000000000.0,BENJAMIN HERNANDEZ ROJAS,CARNE ASADA VDA TENERIFE,Rural,92770,69577,23192,2026000137.0
141.0,10152000000000.0,PRINCIPE NINO REYES,ESCOBAL VDA TENERIFE,Rural,84740,63555,21185,2026000138.0
142.0,10153000000000.0,BALVINA ROJAS GONZALEZ,LA MESETA VDA TENERIFE,Rural,88120,66090,22030,2026000139.0
143.0,10154000000000.0,ELCIDA CES REYES TARAZONA,RANCHO DE PAJA VDA TENERIFE,Rural,76970,58312,18657,2026000140.0
144.0,10155000000000.0,BETTY GONZALEZ ROJAS,EL SITIO VDA TENERIFE,Rural,45800,34350,11450,2026000141.0
146.0,10157000000000.0,BENJAMIN HERNANDEZ ROJAS,EL MORRITO VDA TENERIFE,Rural,209410,157057,52352,2026000143.0
148.0,10159000000000.0,RODULFO SANABRIA SANDOVAL,LOS GUAMOS VDA TENERIFE,Rural,128700,99457,29242,2026000145.0
151.0,10162000000000.0,CARLOS JAVIER RIOS NI¿O,COLIFLOR VDA TENERTFE,Rural,187320,140490,46830,2026000148.0
155.0,10167000000000.0,CARMEN ROSA TARAZONA VARGAS,LO 1 VILLA UVA VDA TENERIFE,Rural,14405,14404,0,2026000152.0
157.0,10169000000000.0,ELIECER CARDENAS JOYA,EL LAJON,Rural,47695,38902,8792,2026000154.0
158.0,10170000000000.0,SEFERINA SUC TARAZONA ROJAS,EL CINCHITO,Rural,116665,91702,24962,2026000155.0
159.0,10171000000000.0,ABRAHAM MORA ORTIZ,EL LOQUETO,Rural,57970,43477,14492,2026000156.0
160.0,10172000000000.0,CLAUDIA HIGUERA MANRIQUE,EL UVO VDA TENERIFE,Rural,24185,21802,2382,2026000157.0
161.0,10173000000000.0,DOMINGA CES CALDERON GUERRERO,LAS CUEVAS VDA TENERIFE,Rural,11715,11714,0,2026000158.0
163.0,10175000000000.0,LUDIE ESTER VELOZA CALDERON,LA CUEVA VDA: TENERIFE,Rural,1130,847,282,2026000160.0
164.0,10176000000000.0,ESPERANZA HIGUERA TARAZONA,LAS CUEVAS VDA: TENERIFE,Rural,230,172,57,2026000161.0
166.0,10178000000000.0,MEDARDO PENARANDA HERNANDEZ,LOS GUAMITOS VDA TENERIFE,Rural,74250,70252,3997,2026000163.0
167.0,10179000000000.0,BENILDA CALDERON CALDERON,CASA DE ZINC VDA TENERIFE,Rural,33170,30487,2682,2026000164.0
168.0,10180000000000.0,MEDARDO PENARANDA HERNANDEZ,EL SALVIO VDA TENERIFE,Rural,31395,27225,4170,2026000165.0
173.0,10187000000000.0,EMERITA HERNANDEZ GONZALEZ,LA FALDA VDA TENERIFE,Rural,156565,138862,17702,2026000170.0
175.0,10189000000000.0,MARLLY YANETH ROJAS ORTIZ,MONTE BLANCO VDA TENERIFE,Rural,187440,160492,26947,2026000172.0
176.0,10190000000000.0,JOAQUIN CORREA NINO,PALMERAS,Rural,14650,10987,3662,2026000173.0
177.0,10191000000000.0,JOAQUIN CORREA NINO,LA RINCONADA,Rural,1210,907,302,2026000174.0
178.0,10192000000000.0,GUILLERMINA JURADO FIGUEREDO,MONTE NEGRO Y MONTE BLANCO VDA TEN,Rural,1068315,895185,173130,2026000175.0
183.0,10197000000000.0,JULIO CESAR FLOREZ PENARANDA,LA SAUZA VDA TENERIFE,Rural,108015,89557,18457,2026000180.0
184.0,10199000000000.0,JOSE DEL CARMEN MEJIA CALDERON,ALTO DE TENERIFE VDA TENERIFE,Rural,92005,86325,5680,2026000181.0
187.0,10202000000000.0,ELIDA CORDERO SANDOVAL,RINCONADA VDA TENERIFE,Rural,34460,25845,8615,2026000184.0
188.0,10203000000000.0,BALDOMERO SUC TARAZONA ROJAS,MESETA NARANJAL SORURO VDA TENERIF,Rural,39315,34582,4732,2026000185.0
189.0,10204000000000.0,ELCIDA CES REYES TARAZONA,CUADRITA VDA TENERIFE,Rural,39145,33285,5860,2026000186.0
190.0,10205000000000.0,MILCIADES SUC VARGAS,TERRENO VDA TENERIFE,Rural,78725,69352,9372,2026000187.0
191.0,10206000000000.0,CLOTILDE REYES RUIZ,HIGUERON VDA TENERIFE,Rural,14875,11700,3175,2026000188.0
192.0,10207000000000.0,IRMA TARAZONA SANCHEZ,MEXICO VDA TENERIFE,Rural,75555,64747,10807,2026000189.0
193.0,10208000000000.0,JOSE DE LOS SAN TARAZONA TARAZONA,EL AMARGOZO VDA TENERIFE,Rural,28380,24457,3922,2026000190.0
194.0,10209000000000.0,FELICITAS CES RUIZ REYES,EL BOSQUE VDA TENERIFE,Rural,90150,77805,12345,2026000191.0
195.0,10210000000000.0,JOSEFITO TARAZONA ROJAS,EL CHICHARRON VDA TENERIFE,Rural,340,255,85,2026000192.0
196.0,10212000000000.0,JOSEFITO TARAZONA ROJAS,HIGUERON VDA TENERIFE,Rural,200,150,50,2026000193.0
197.0,10213000000000.0,JOSEFITO TARAZONA ROJAS,LAUREL CARBON ARRAYAN,Rural,290,217,72,2026000194.0
198.0,10214000000000.0,MOISES TARAZONA SANCHEZ,EL PANTANO VDA TENERIFE,Rural,1170,877,292,2026000195.0
199.0,10215000000000.0,PEDRO FIDEL ROJAS REYES,LOS SORUROS VDA TENERIFE,Rural,206310,154732,51577,2026000196.0
202.0,10219000000000.0,ANA BETULIA ECHEVERRIA MORA,LA CORTADERA VDA: TENERIFE,Rural,79780,67965,11815,2026000199.0
203.0,10220000000000.0,VIRGILIO TARAZONA CLADERON,LA LOMITA VDA TENERIFE,Rural,69960,60847,9112,2026000200.0
204.0,10221000000000.0,TERESA MANRIQUE SANDOVAL,EL BUITRE VDA TENERIFE,Rural,61915,50242,11672,2026000201.0
205.0,10222000000000.0,VITERVINA TARAZONA FLOREZ,EL SALADITO VDA TENERIFE,Rural,81865,76552,5312,2026000202.0
206.0,10223000000000.0,AMINTA HIGUERA MANRIQUE,LA RINCONADA,Rural,4920,3690,1230,2026000203.0
207.0,10224000000000.0,LUIS JESUS REYES FLOREZ,LA AGUADITA,Rural,63470,55485,7985,2026000204.0
208.0,10225000000000.0,ROSALVA HERNANDEZ GONZALEZ,LOS ESPEJOS VDA: TENERIFE,Rural,11640,8730,2910,2026000205.0
209.0,10226000000000.0,MARCO ANTONIO DIAZ SUA,MONTE DIOSA,Rural,1389895,1157407,232487,2026000206.0
210.0,10228000000000.0,FERMIN SIERRA FLOREZ,EL TOBO VDA TENERIFE,Rural,44745,42300,2445,2026000207.0
215.0,10234000000000.0,JESUS SUC MENDEZ ROJAS,LOMA DEL ROBLE VDA TENERIFE,Rural,79940,62962,16977,2026000212.0
217.0,10236000000000.0,JOSE DE LOS SAN TARAZONA TARAZONA,EL TOBO VDA TENERIFE,Rural,27350,25477,1872,2026000214.0
218.0,10237000000000.0,JOSE DE LOS SAN TARAZONA TARAZONA,EL TOBO,Rural,22005,16770,5235,2026000215.0
220.0,10239000000000.0,BELKYS JOHANA VELOZA CALDERON,LAS CUEVAS VDA TENERIFE,Rural,40,30,10,2026000217.0
221.0,10240000000000.0,JOSE ANTONIO TARAZONA,CASA DE ZINC VDA TENERIFE,Rural,76685,67117,9567,2026000218.0
222.0,10242000000000.0,EMPERATRIZ JOYA DUARTE,PIEDRA DE CAL,Rural,50460,42285,8175,2026000219.0
223.0,10243000000000.0,EMPERATRIZ JOYA DUARTE,EL CEDRO VDA TENERIFE,Rural,72085,60397,11687,2026000220.0
224.0,10244000000000.0,LUDY YORLE HERNANDEZ MANRIQUE,TRIGUEROS VDA TENERIFE,Rural,136200,123030,13170,2026000221.0
225.0,10245000000000.0,ROSALVA HERNANDEZ GONZALEZ,LA FLORECITA VDA TENERIFE,Rural,62395,52290,10105,2026000222.0
226.0,10246000000000.0,CLOTILDE REYES RUIZ,EL ENCERRADO VDA TENERIFE,Rural,54750,41062,13687,2026000223.0
228.0,10248000000000.0,MELVA SIERRA SIERRA,LA ALBERCA,Rural,41375,35985,5390,2026000225.0
230.0,10250000000000.0,LUIS JESUS REYES FLOREZ,LA LAGUNETA,Rural,123590,98955,24635,2026000227.0
232.0,10252000000000.0,EULALIA TARAZONA TARAZONA,LLANO GRANDE VDA TENERIFE,Rural,120400,112620,7780,2026000229.0
233.0,10253000000000.0,HERMES CACERES,EL UVO VDA TENERIFE,Rural,67410,54367,13042,2026000230.0
234.0,10254000000000.0,LUIS TARAZONA SIERRA,EL MORTINO VDA TENERIFE,Rural,19120,18945,175,2026000231.0
238.0,10258000000000.0,MARIA DELIS ROJAS TARAZONA,EL SORURO VDA TENERIFE,Rural,63800,47850,15950,2026000234.0
240.0,10261000000000.0,MOISES TARAZONA SANCHEZ,EL PALCHO VDA TENERIFE,Rural,540,405,135,2026000235.0
241.0,10262000000000.0,ROSA NINO HERENANDEZ,LA PROSPERIDAD VDA TENERIFE,Rural,140560,117780,22780,2026000236.0
243.0,10264000000000.0,SAUL REYES ROJAS,EL ROBLE VDA TENERIFE,Rural,107740,84427,23312,2026000238.0
246.0,10267000000000.0,DAVID SANTIAGO CACERES BASTO,LA VEGA VDA TENERIFE,Rural,107860,86977,20882,2026000241.0
247.0,10268000000000.0,LUIS ENRIQUE NINO FLOREZ,LA REGALIA VDA TENERIFE,Rural,35890,26917,8972,2026000242.0
251.0,10272000000000.0,ROSA SIERRA TARAZONA,BOSQUESITO MEDIO,Rural,3430,2572,857,2026000246.0
252.0,10273000000000.0,ISABEL SIERRA MENDEZ,BOSQUESITO ALTO VDA TENERIFE,Rural,34235,30427,3807,2026000247.0
253.0,10274000000000.0,ROSALVA HERNANDEZ GONZALEZ,MIRAFLORES VDA: TENERIFE,Rural,1010,757,252,2026000248.0
256.0,10277000000000.0,MARIA ANTONIA CARVAJAL TARAZONA,LOTE PARA VIVIENDA Y GARAJE VDA:,Rural,970,810,160,2026000251.0
257.0,10278000000000.0,ORLANDO HERNANDEZ BOLIVAR,LA LAJA VDA: TENERIFE,Rural,168465,147945,20520,2026000252.0
260.0,10281000000000.0,JOSE DE JESUS CACERES SUAREZ,EL MORCATE VDA TENERIFE,Rural,139840,117180,22660,2026000253.0
261.0,10282000000000.0,JOSE DE LOS SAN TARAZONA TARAZONA,EL GRANIZO VDA TENERIFE,Rural,350,262,87,2026000254.0
262.0,10283000000000.0,JORGE GARNICA CASTELLANOS,LOTE RURAL VDA TENERIFE,Rural,8790,6592,2197,2026000255.0
263.0,10284000000000.0,FORTUNATO TARAZONA SIERRA,LA CENTELLA VDA TENERIFE,Rural,17190,13612,3577,2026000256.0
264.0,10285000000000.0,AMPARO TARAZONA CALDERON,LA HONDURA VDA TENERIFE,Rural,13720,10290,3430,2026000257.0
265.0,10286000000000.0,DEXI HERNANDEZ GONZALEZ,EL MOLINO VDA TENERIFE,Rural,171455,151620,19835,2026000258.0
266.0,10287000000000.0,BENITA REYES AYALA,LOQUETAL VDA TENERIFE,Rural,146400,124665,21735,2026000259.0
267.0,10288000000000.0,HECTOR LABRIANO CACERES MANRIQUE,EL LECHERO VDA TENERIFE,Rural,30035,25177,4857,2026000260.0
268.0,10289000000000.0,ELADIO FAJARDO GARCIA,LOQUETAL VDA TENERIFE,Rural,6590,5317,1272,2026000261.0
270.0,10292000000000.0,JOSEFINA CALDERON RAMIREZ,EL ALMENDRO VDA TENERIFE,Rural,136900,114345,22555,2026000263.0
271.0,10293000000000.0,ROSALBA CALDERON RAMIREZ,EL RECREO VDA TENERIFE,Rural,109500,91237,18262,2026000264.0
272.0,10294000000000.0,ROSALBA CALDERON RAMIREZ,GUAYAQUIL VDA TENERIFE,Rural,122905,102547,20357,2026000265.0
273.0,10295000000000.0,ROSALBA CALDERON RAMIREZ,LA CUNA VDA TENERIFE,Rural,54470,44835,9635,2026000266.0
274.0,10296000000000.0,ABRAHAM CES MORA ORTIZ,EL AYUELAL VDA TENERIFE,Rural,54135,47535,6600,2026000267.0
275.0,10297000000000.0,ABRAHAM MORA ORTIZ,EL POLEO VDA TENERIFE,Rural,68255,60945,7310,2026000268.0
276.0,10298000000000.0,CRISPIN SANTANDER ORTIZ,LA RINCONADA,Rural,800,600,200,2026000269.0
278.0,10300000000000.0,MARIA EXCELINA MEJIA FLOREZ,EL BANCO,Rural,14980,12075,2905,2026000271.0
279.0,10301000000000.0,MARIA EXCELINA MEJIA FLOREZ,LOS PORTONES VDA TENERIFE,Rural,21890,17700,4190,2026000272.0
281.0,10303000000000.0,FANNY ROJAS MORA,EL HOTICON VDA TENERIFE,Rural,76600,57450,19150,2026000274.0
283.0,10305000000000.0,PEDRO FIDEL CES ROJAS REYES,EL SORURO VDA TENERIFE,Rural,35180,31417,3762,2026000276.0
284.0,10306000000000.0,HERMAN ROJAS ORTIZ,EL BOSQUE,Rural,310,232,77,2026000277.0
285.0,10307000000000.0,JOSE DEL CARMEN MEJIA CALDERON,EL MORTIÑAL,Rural,36845,32895,3950,2026000278.0
286.0,10308000000000.0,GERARDO TARAZONA SIERRA,PAILITAS VDA TENERIFE,Rural,68945,57885,11060,2026000279.0
288.0,10310000000000.0,ELSA MARINA CES RAMIREZ DUARTE,EL NARANJO VDA: TENERIFE,Rural,10575,8572,2002,2026000280.0
289.0,10311000000000.0,BENJAMIN RAMIREZ ABRIL,POZO NEGRO,Rural,690,517,172,2026000281.0
292.0,10315000000000.0,MACEDONIO HIGUERA,BUENAVISTA VDA: TENERIFE,Rural,37690,33135,4555,2026000283.0
294.0,10317000000000.0,ALBA YANETH RINCON MENDEZ,EL SAUZ,Rural,11335,8917,2417,2026000285.0
295.0,10318000000000.0,MELVA NINO TARAZONA,EL ROBLE,Rural,49445,40342,9102,2026000286.0
296.0,10319000000000.0,JOSE DEL CARMEN MEJIA CALDERON,EL PINO VDA TENERIFE,Rural,350,262,87,2026000287.0
298.0,10321000000000.0,JUAN JOSE MARTINEZ SANCHEZ,EL OTICON VDA TENERIFE,Rural,117660,98347,19312,2026000289.0
299.0,10323000000000.0,ROQUE JULIO AYALA ROJAS,SAN LUIS VDA: TENERIFE,Rural,44940,36247,8692,2026000290.0
300.0,10324000000000.0,DESIDERIO CARDENAS LIZARAZO,GRATERON VDA TENERIFE,Rural,145970,118200,27770,2026000291.0
301.0,10325000000000.0,DESIDERIO CARDENAS LIZARAZO,COCLI VDA TENERIFE,Rural,237400,197085,40315,2026000292.0
302.0,10326000000000.0,JUAN JOSE MARTINEZ SANCHEZ,PAMPLONITA VDA TENERIFE,Rural,24130,20527,3602,2026000293.0
303.0,10327000000000.0,ROQUE JULIO AYALA ROJAS,EL GUAYABO VDA: TENERIFE,Rural,44940,36247,8692,2026000294.0
304.0,10328000000000.0,FRUCTUOSO TARAZONA,EL TABLON VDA: TENERIFE,Rural,45490,37027,8462,2026000295.0
307.0,10331000000000.0,JOAQUIN CORREA NINO,PENA BLANCA VDA: TENERIFE,Rural,10560,7920,2640,2026000298.0
309.0,10333000000000.0,JOSE RAMON ESPINEL DUARTE,EL AMARILLO VDA: TENERIFE,Rural,590,442,147,2026000300.0
312.0,10336000000000.0,MEDARDO PEÑARANDA CALDERON,EL TRIANGULO,Rural,101975,86100,15875,2026000303.0
313.0,10337000000000.0,ANA CLOVIS CALDERON MEJIA,EL GUAMO VDA: TENERIFE,Rural,26655,22057,4597,2026000304.0
314.0,10338000000000.0,MIGUEL MEJIA CALDERON,EL UVO VDA: TENERIFE,Rural,77000,64522,12477,2026000305.0
315.0,10339000000000.0,FLORA CALDERON PENARANDA,EL PABELLON VDA: TENERIFE,Rural,43250,36247,7002,2026000306.0
316.0,10340000000000.0,ALVARO CALDERON CALDERON,QUEBRADITAS VDA: TENERIFE,Rural,80170,69000,11170,2026000307.0
317.0,10341000000000.0,ALFONSO TARAZONA SIERRA,LA SAUZA VDA TENERIFE,Rural,8990,7252,1737,2026000308.0
319.0,10343000000000.0,MARTA PATRICIA MEJIA CALDERON,PUERTO RICO VDA: TENERIFE,Rural,10150,9060,1090,2026000310.0
320.0,10344000000000.0,CARMEN ROSA ROJAS TARAZONA,ROBLE VDA TENERIFE,Rural,156875,119460,37415,2026000311.0
321.0,10345000000000.0,EVANGELINA ROJAS HERNANDEZ,EL EUCALIPTO VDA TENERIFE,Rural,32210,24157,8052,2026000312.0
322.0,10346000000000.0,LUIS DARIO CALDERON,EL GUAMO VDA: TANERIFE,Rural,56700,42525,14175,2026000313.0
323.0,10347000000000.0,SAUL REYES ROJAS,EL SAGAMAL VDA: TENERIFE,Rural,23960,17970,5990,2026000314.0
324.0,10348000000000.0,SAUL REYES ROJAS,EL SORURO VDA: TENERIFE,Rural,10035,8242,1792,2026000315.0
325.0,10349000000000.0,SAUL REYES ROJAS,EL GUAYACAN VDA TENERIFE,Rural,68730,51547,17182,2026000316.0
326.0,10350000000000.0,ROSALBA HERNANDEZ ROJAS,EL ENCERRADO VDA TENERIFE,Rural,33135,25447,7687,2026000317.0
327.0,10351000000000.0,ADELA TARAZONA BORRERO,EL PINO VDA TENERIFE,Rural,87940,73695,14245,2026000318.0
329.0,10353000000000.0,FELIX MEJIA CLADERON,LOS URAPANES VDA: TENERIFE,Rural,13530,12075,1455,2026000320.0
330.0,10354000000000.0,FORTUNATO MEJIA CALDERON,EL HORNO VDA: TENERIFE,Rural,8545,7492,1052,2026000321.0
333.0,10357000000000.0,JOSE RAMON ESPINEL DUARTE,MICHIGAL VDA: TENERIFE,Rural,240,180,60,2026000324.0
334.0,10358000000000.0,DESIDERIO CARDENAS LIZARAZO,LOS ESPEJOS VDA TENERIFE,Rural,500,375,125,2026000325.0
335.0,10359000000000.0,BELKYS JOHANA VELOZA CALDERON,LAS CUEVAS VDA: TENERIFE,Rural,40,30,10,2026000326.0
336.0,10360000000000.0,TILCIA NINO REYES,LA CUADRITA VDA: TENERIFE,Rural,30035,25177,4857,2026000327.0
338.0,10362000000000.0,ELVIRA PENARANDA FLOREZ,LA MATA DE PLATANO VDA TENERIFE,Rural,36040,30202,5837,2026000329.0
340.0,10364000000000.0,MARIA HERNANDEZ GONZALEZ,DE SEBAS VDA TENERIFE,Rural,18915,15855,3060,2026000331.0
343.0,10367000000000.0,YAMILE NINO TARAZONA,CORRALITOS VDA TENERIFE,Rural,17790,15277,2512,2026000334.0
344.0,10368000000000.0,JOSE DEL CARMEN BASTO MERCHAN,EL PANTANO VDA TENERIFE,Rural,32070,24870,7200,2026000335.0
345.0,10369000000000.0,DESIDERIO ROJAS ROJAS,LOS PINOS VDA TENERIFE,Rural,33950,27135,6815,2026000336.0
346.0,10370000000000.0,DESIDERIO ROJAS ROJAS,ARRAYANES VDA TENERIFE,Rural,56620,42465,14155,2026000337.0
347.0,10371000000000.0,ELIECER ROJAS,EL PINO VDA TENERIFE,Rural,81055,68557,12497,2026000338.0
349.0,10373000000000.0,WILMER ELADIO MENDEZ FAJARDO,ROBLAL Y LLANO GRANDE VDA TENERIFE,Rural,57870,51667,6202,2026000340.0
350.0,10374000000000.0,ROQUE JULIO AYALA ROJAS,EL GUAMO LO 2 VDA TENERIFE,Rural,25845,23077,2767,2026000341.0
351.0,10375000000000.0,EMILIO EFRAIN FAJARDO TARAZONA,EL TOBO VDA TENERIFE,Rural,96630,72472,24157,2026000342.0
352.0,10376000000000.0,MONICA VIVIANA CORREA CABALLERO,PIE DE PALMA LO 1 VDA TENERIFE,Rural,67420,57915,9505,2026000343.0
353.0,10377000000000.0,ISABEL CASTELLANOS SANCHEZ,LOS PINOS VDA TENERIFE,Rural,22860,17145,5715,2026000344.0
354.0,10378000000000.0,OMAR ANTONIO REYES VARGAS,EL UVO VDA TENERIFE,Rural,57845,44767,13077,2026000345.0
355.0,10379000000000.0,BENJAMIN HERNANDEZ ROJAS,LOS EUCALIPTUS VDA TENERIFE,Rural,48330,36247,12082,2026000346.0
357.0,10381000000000.0,IVAN AYALA ROJAS,LA LAGUNA VDA TENERIFE,Rural,34940,30127,4812,2026000348.0
358.0,10382000000000.0,ORLANDO HERNANDEZ BOLIVAR,FINCA LOS PINOS LO 2,Rural,103170,92122,11047,2026000349.0
359.0,10383000000000.0,CARMEN ROSA ROJAS TARAZONA,CS LO LO 2,Rural,1620,1215,405,2026000350.0
3892.0,10385000000000.0,ISABEL MEJIA CARDENAS,EL ABUSO LO No 3,Rural,28585,28584,0,2026003724.0
3893.0,10386000000000.0,FORTUNATO MEJIA CALDERON,EL HORNO LO No 2,Rural,42970,36682,6287,2026003725.0
3894.0,10387000000000.0,JOSE DEL CARMEN MEJIA CALDERON,EL PARAISO LO No 4,Rural,20835,18600,2235,2026003726.0
3895.0,10388000000000.0,DESIDERIO CARDENAS LIZARAZO,LA VEGA,Rural,5960,4470,1490,2026003727.0
3896.0,10389000000000.0,DESIDERIO CARDENAS LIZARAZO,EL GUARSINAJO,Rural,2180,1635,545,2026003728.0
361.0,20001000000000.0,JOAQUIN CORREA NINO,EL BOSQUE,Rural,252375,233370,19005,2026000351.0
363.0,20003000000000.0,JOSELIN GONZALEZ GROSS,MOLINO JUNIN VDA JUNIN,Rural,63485,63484,0,2026000353.0
365.0,20005000000000.0,DORIS AMPARO QUINTERO ALVARADO,LA VEGA VDA JUNIN,Rural,123500,112957,10542,2026000355.0
366.0,20006000000000.0,CARMEN ADRIANA LEON MARTINEZ,EL TARAY VDA JUNIN,Rural,140010,128055,11955,2026000356.0
367.0,20007000000000.0,CARMEN ADRIANA LEON MARTINEZ,BELGICA VDA JUNIN,Rural,96795,94462,2332,2026000357.0
368.0,20008000000000.0,CARMEN ADRIANA LEON MARTINEZ,LA MESETA VDA JUNIN,Rural,224705,217462,7242,2026000358.0
369.0,20009000000000.0,CARMEN ADRIANA LEON MARTINEZ,BERMEJAL VDA JUNIN,Rural,164110,127327,36782,2026000359.0
372.0,20015000000000.0,HOLMAN ANCIZAR VALDERRAMA LOZANO,EL CAIRO VDA JUNIN,Rural,359280,269460,89820,2026000362.0
373.0,20016000000000.0,HOLMAN ANCIZAR VALDERRAMA LOZANO,EL CACHIPORRO VDA JUNIN,Rural,255510,233670,21840,2026000363.0
375.0,20018000000000.0,MIGUEL FAJARDO TARAZONA,YATAGO VDA JUNIN,Rural,193290,144967,48322,2026000365.0
376.0,20019000000000.0,JOSE DEL CARMEN CARVAJAL REYES,TAQUEZA VDA JUNIN,Rural,274735,244170,30565,2026000366.0
377.0,20020000000000.0,ALVARO CALDERON CALDERON,LAS CUADRAS LO 1 VDA JUNIN,Rural,39625,31417,8207,2026000367.0
383.0,20027000000000.0,ALBA YANETH RINCON MENDEZ,LOS LAURELES LO 1 VDA JUNIN,Rural,117100,99015,18085,2026000373.0
384.0,20028000000000.0,ALBA YANETH RINCON MENDEZ,HUERTA CHIQUITA VDA JUNIN,Rural,81740,67987,13752,2026000374.0
385.0,20029000000000.0,ELSA MARINA RAMIREZ DUARTE,EL YATAGO VDA JUNIN,Rural,134825,108727,26097,2026000375.0
388.0,20032000000000.0,BELCY CES SIERRA,CINCHO RAJADO VDA JUNIN,Rural,194390,167122,27267,2026000378.0
391.0,20035000000000.0,LUIS ERNESTO LOPEZ,VISTA ALEGRE,Rural,27835,26805,1030,2026000381.0
394.0,20038000000000.0,AURELIO ECCEHOMO VELANDIA,HUERTA VIEJA VDA JUNIN,Rural,25225,21750,3475,2026000384.0
395.0,20039000000000.0,TULIA FONSECA HERNANDEZ,HUERTA VIEJA VDA JUNIN,Rural,22280,19087,3192,2026000385.0
396.0,20040000000000.0,NOELIA HERNANDEZ FONSECA,HUERTA VIEJA VDA JUNIN,Rural,47980,39427,8552,2026000386.0
398.0,20042000000000.0,CARLOS JULIO RANGEL FONSECA,LOS TILOS Y LOQUETO,Rural,61270,57990,3280,2026000388.0
399.0,20043000000000.0,CARLOS JULIO RANGEL FONSECA,LA RINCONADA VDA JUNIN,Rural,14715,12682,2032,2026000389.0
406.0,20051000000000.0,JOSE DAVID CORDERO BASTO,EL MORTIÑO VDA JUNIN,Rural,31530,27172,4357,2026000396.0
408.0,20053000000000.0,LUIS ERNESTO CES LOPEZ,CARDOS VDA JUNIN,Rural,10510,9060,1450,2026000398.0
411.0,20058000000000.0,MARIBEL CES PEREZ CACERES,EL SARNO VDA JUNIN,Rural,77900,62820,15080,2026000401.0
413.0,20060000000000.0,LUZ ALEIDA BOADA ESPINEL,EL TACHIBOQUE VDA JUNIN,Rural,17975,14490,3485,2026000403.0
419.0,20066000000000.0,LETICIA CES CARVAJAL REYES,EL UVO VDA: JUNIN,Rural,30920,26077,4842,2026000409.0
422.0,20069000000000.0,OLGA BUITRAGO CACERES,EL NARANJITO,Rural,19970,17407,2562,2026000412.0
423.0,20070000000000.0,LEONARDO MENDEZ MERCHAN,ALGIBE VDA JUNIN,Rural,29960,24157,5802,2026000413.0
426.0,20073000000000.0,ALBA YANETH RINCON MENDEZ,EL CONGOLO VDA JUNIN,Rural,35955,29010,6945,2026000416.0
430.0,20077000000000.0,WALDINA BARAJAS ROJAS,CIRUELITO VDA JUNIN,Rural,24710,20452,4257,2026000420.0
433.0,20080000000000.0,JOSE EUSTODIO HERNANDEZ CALDERON,EL BOSQUE,Rural,24540,23235,1305,2026000423.0
435.0,20083000000000.0,RAFAEL ORDUZ RODRIGUEZ,VARITAS VDA: JUNIN,Rural,111683,111682,0,2026004039.0
437.0,20085000000000.0,PEDRO ANTONIO CACERES REYES,UVO-PLAZUELA Y PRADO,Rural,109480,93240,16240,2026000427.0
438.0,20086000000000.0,GLADYS SOFIA RAMIREZ CACERES,LA PLATERA VDA JUNIN,Rural,167780,135300,32480,2026000428.0
440.0,20088000000000.0,MARIBEL PEREZ CACERES,ESMERALDA VDA JUNIN,Rural,59920,48337,11582,2026000430.0
441.0,20092000000000.0,CRISTINA CACERES BORRERO,EL GACAL EL PINITO LAS HUERTAS,Rural,119845,96652,23192,2026000431.0
442.0,20093000000000.0,ALEJANDRO CACERES CARVAJAL,EL HIGO VDA JUNIN,Rural,107860,86977,20882,2026000432.0
446.0,20097000000000.0,WALDINA BARAJAS ROJAS,LOS UVOS VDA JUNIN,Rural,138805,114532,24272,2026000436.0
447.0,20098000000000.0,HERNAN CORREA BOHORQUEZ,LA EMBOCADA ANTIGUA Y VOLCAN VDA:,Rural,90840,82732,8107,2026000437.0
448.0,20100000000000.0,HERNAN CORREA BOHORQUEZ,LAURELES AGUADITA VDA JUNIN,Rural,118865,105097,13767,2026000438.0
452.0,20106000000000.0,CIPRIAN SUC CARVAJAL,EL ESPEJAL,Rural,13530,12075,1455,2026000442.0
454.0,20108000000000.0,PAULINA CES MORALES MENDEZ,LOS CEDROS VDA: JUNIN,Rural,29490,27720,1770,2026000444.0
455.0,20109000000000.0,JUVENAL BARAJAS ROJAS,PALO NEGRO LA AGUADA VDA JUNIN,Rural,33825,30202,3622,2026000445.0
456.0,20110000000000.0,FELICIANA ROJAS,EL PINO,Rural,69365,62130,7235,2026000446.0
458.0,20112000000000.0,PAULINA MORALES MENDEZ,CABECERA DE LAGUNETA VDA JUNIN,Rural,36495,31665,4830,2026000448.0
461.0,20115000000000.0,SERGIO ANTONIO ROJAS,COCUBAL VDA JUNIN,Rural,6890,5895,995,2026000451.0
464.0,20118000000000.0,GELVER ANTONIO REYES JURADO,GACAL VDA JUNIN,Rural,72105,62137,9967,2026000454.0
465.0,20119000000000.0,JOSE ANTONIO BARAJAS MENDOZA,EL CARDON VDA JUNIN,Rural,48305,42502,5802,2026000455.0
467.0,20121000000000.0,RAUL CES BARAJAS MENDOZA,UVITO VDA JUNIN,Rural,18920,16320,2600,2026000457.0
468.0,20122000000000.0,JOSE ANTONIO BARAJAS MENDOZA,ROBLECITOS VDA JUNIN,Rural,22690,19575,3115,2026000458.0
469.0,20123000000000.0,JOSE ANTONIO BARAJAS MENDOZA,CASCAJAL VDA JUNIN,Rural,11125,9570,1555,2026000459.0
470.0,20124000000000.0,DIOCELINA ROJAS,CASCAJO NEGRO VDA JUNIN,Rural,15655,13492,2162,2026000460.0
471.0,20125000000000.0,JOSE ANTONIO CES BARAJAS MENDOZA,EL PEDREGAL,Rural,37845,33255,4590,2026000461.0
472.0,20127000000000.0,GUSTAVO TARAZONA TARAZONA,EL CURO-ESPEJAL,Rural,27250,25207,2042,2026000462.0
473.0,20128000000000.0,ROSA VARGAS ROJAS,LA LOMA VDA JUNIN,Rural,70565,66105,4460,2026000463.0
475.0,20130000000000.0,ARISTOBULO GONZALEZ ROJAS,OBSERVATORIO,Rural,41065,39817,1247,2026000465.0
476.0,20131000000000.0,RUBIELA ORTIZ HERNANDEZ,PATIO DE BOLAS VDA JUNIN,Rural,97315,78345,18970,2026000466.0
478.0,20133000000000.0,ANDRES TORRES TAMI,EL CEDRO VDA JUNIN,Rural,165655,143310,22345,2026000468.0
479.0,20134000000000.0,GUSTAVO SANABRIA BASTO,HOLANDA VDA JUNIN,Rural,164770,145365,19405,2026000469.0
480.0,20135000000000.0,GUSTAVO SANABRIA BASTO,EL UVO VDA JUNIN,Rural,44565,38400,6165,2026000470.0
481.0,20136000000000.0,RAUL ROJAS GONZALEZ,LA EMBOCADA VDA: JUNIN,Rural,73350,64357,8992,2026000471.0
482.0,20137000000000.0,HERMAN ROJAS ORTIZ,EL CARRETON VDA JUNIN,Rural,81040,69855,11185,2026000472.0
483.0,20138000000000.0,RICARDO ANDRES SUAREZ MENESES,EL HOSPITAL VDA JUNIN,Rural,84125,72525,11600,2026000473.0
484.0,20139000000000.0,DANIEL HERNANDEZ,LAGUNITAS VDA JUNIN,Rural,87065,76822,10242,2026000474.0
485.0,20140000000000.0,EYWAR LEONARDO NIÑO FLOREZ,LAS LAGUNAS HIGOS VDA JUNIN,Rural,112860,97297,15562,2026000475.0
486.0,20141000000000.0,JESUS CASTELLANOS CALDERON,SEPOLTURA VDA JUNIN,Rural,26275,22665,3610,2026000476.0
487.0,20142000000000.0,ANA MYRIAM HERNANDEZ ORTIZ,EL RECREO VDA: JUNIN,Rural,140680,124350,16330,2026000477.0
488.0,20143000000000.0,OSKAR MIGUEL ROJAS ORTIZ,LA EMBOCADA VDA: JUNIN,Rural,53285,49875,3410,2026000478.0
489.0,20144000000000.0,ERNESTO MARTINEZ ARCHILA,EL MORALITO VDA: JUNIN,Rural,136615,120885,15730,2026000479.0
492.0,20147000000000.0,NUBIA TARAZONA,SANTA MARTHA VDA JUNIN,Rural,59010,50700,8310,2026000482.0
500.0,20156000000000.0,BERTILDA HERNANDEZ PACHECO,EL PORVENIR VDA JUNIN,Rural,250960,229545,21415,2026000490.0
501.0,20157000000000.0,CALIXTO HERNANDEZ GUERRERO,LOS NARANJOS,Rural,70445,54645,15800,2026000491.0
502.0,20158000000000.0,PEDRO PABLO HERNANDEZ FAJARDO,EL PORVENIR VDA JUNIN,Rural,68620,51465,17155,2026000492.0
503.0,20159000000000.0,GLORIA JAIMES ALARCON,EL UVITO VDA JUNIN,Rural,40270,30202,10067,2026000493.0
504.0,20160000000000.0,BERTILDA HERNANDEZ PACHECO,EL MIRADOR VDA JUNIN,Rural,98285,74227,24057,2026000494.0
505.0,20161000000000.0,BERTILDA HERNANDEZ PACHECO,EL LOQUETAL VDA JUNIN,Rural,32210,24157,8052,2026000495.0
508.0,20164000000000.0,RUBEN DARIO JOYA JOYA,LA CAPELLANIA VDA JUNIN,Rural,24160,18120,6040,2026000498.0
511.0,20167000000000.0,RUBEN CACERES HERNANDEZ,BELLA VISTA VDA JUNIN,Rural,116920,89647,27272,2026000500.0
512.0,20168000000000.0,LIGIO BARAJAS MENDEZ,EL LOQUETAL VDA JUNIN,Rural,88320,68550,19770,2026000501.0
513.0,20169000000000.0,MARCIANO HERNANDEZ GUERRERO,EL PORVENIR VDA JUNIN,Rural,26715,20242,6472,2026000502.0
514.0,20170000000000.0,ANA MIRYAM HERNANDEZ ORTIZ,EL PORVENIR U HORNITO VDA: JUNIN,Rural,70675,57990,12685,2026000503.0
515.0,20171000000000.0,LUIS ARTURO CALDERON FLOREZ,EL PORVENIR VDA JUNIN,Rural,29160,21870,7290,2026000504.0
516.0,20172000000000.0,ALIRIO BARAJAS ROJAS,EL CIRUELITO,Rural,408570,330067,78502,2026000505.0
517.0,20173000000000.0,MIGUEL CACERES CORDERO,LOS TILOS VDA: JUNIN,Rural,132115,115515,16600,2026000506.0
518.0,20174000000000.0,GRACIELA MORALES MENDEZ,EL EUCALIPTUS VDA JUNIN,Rural,48785,39885,8900,2026000507.0
519.0,20175000000000.0,LUIS ERNESTO LOPEZ,BERLIN VDA JUNIN,Rural,677195,549697,127497,2026000508.0
520.0,20176000000000.0,GRACIELA ORTIZ HERNANDEZ,EL SURURAL VDA JUNIN,Rural,33295,28725,4570,2026000509.0
521.0,20177000000000.0,GRACIELA ORTIZ HERNANDEZ,LA SAUZA VDA JUNIN,Rural,49820,42952,6867,2026000510.0
522.0,20178000000000.0,PAULINA MORALES MENDEZ,PALO NEGRO VDA JUNIN,Rural,152565,133860,18705,2026000511.0
523.0,20179000000000.0,MONICA VIVIANA CORREA CABALLERO,GACAL VDA JUNIN,Rural,195650,155310,40340,2026000512.0
524.0,20180000000000.0,FELIPE CES BARAJAS MENDEZ,AGUA BLANCA VDA JUNIN,Rural,15765,13605,2160,2026000513.0
528.0,20185000000000.0,MARCO ANTONIO CARVAJAL ROJAS,HOJA ANCHA VDA JUNIN,Rural,78040,63360,14680,2026000516.0
529.0,20186000000000.0,OLGA JOHANA HERNANDEZ ORDUZ,EL RECUERDO,Rural,188120,141090,47030,2026000517.0
530.0,20187000000000.0,OLGA JOHANA HERNANDEZ ORDUZ,EL MILAGRO VDA JUNIN,Rural,44160,33120,11040,2026000518.0
532.0,20189000000000.0,ALBA EDDY BUITRAGO PACHON,LA SAUZA VDA JUNIN,Rural,183620,137715,45905,2026000520.0
535.0,20192000000000.0,ANA MYRIAM HERNANDEZ ORTIZ,POTRERO DEL TANQUE VDA JUNIN,Rural,119845,96652,23192,2026000523.0
536.0,20193000000000.0,CRISTINA CACERES BORRERO,EL CIRUELITO VDA JUNIN,Rural,136515,113137,23377,2026000524.0
537.0,20194000000000.0,EUSTASIO SUC BUITRAGO RINCON,EL CAJON VDA JUNIN,Rural,17975,14490,3485,2026000525.0
538.0,20195000000000.0,VICTOR MANUEL MERCHAN CORDERO,LAGUNA VDA JUNIN,Rural,196300,157642,38657,2026000526.0
539.0,20196000000000.0,JORGE BASTO RODRIGUEZ,EL BOSQUE VDA JUNIN,Rural,54205,45892,8312,2026000527.0
540.0,20197000000000.0,JORGE BASTO RODRIGUEZ,EL HORNITO,Rural,63365,51442,11922,2026000528.0
541.0,20198000000000.0,RUBEN ALONSO HERNANDEZ FAJARDO,HORNITO VDA JUNIN,Rural,125935,112350,13585,2026000529.0
544.0,20201000000000.0,ALBA EDDY BUITRAGO PACHON,LA AMOLADERA VDA: JUNIN,Rural,32660,32659,0,2026000530.0
545.0,20203000000000.0,TILCIA HERNANDEZ ARCHILA,LA MESA VDA JUNIN,Rural,151545,135300,16245,2026000531.0
546.0,20204000000000.0,TILCIA HERNANDEZ ARCHILA,LA MESA VDA JUNIN,Rural,106395,94800,11595,2026000532.0
547.0,20205000000000.0,DOMINGA RODRIGUEZ ORTIZ,LA MESA,Rural,22500,19597,2902,2026000533.0
551.0,20210000000000.0,MONICA YOANA CALDERON TARAZONA,LA MESITA,Rural,72825,68700,4125,2026000537.0
552.0,20211000000000.0,LEDWING ARLEY ANAYA MENDEZ,LA CORCOBA,Rural,38835,34672,4162,2026000538.0
553.0,20212000000000.0,MARGARITA SUESCUN REDONDO,LA CORCOBA VDA: JUNIN,Rural,50740,45307,5432,2026000539.0
556.0,20215000000000.0,JESUS CASTELLANOS CORDERO,EL SORURO CASA DE ZINC,Rural,47295,40770,6525,2026000542.0
557.0,20216000000000.0,ANGEL MARIA CES ROJAS CARVAJAL,LA BRIGIDA VDA JUNIN,Rural,94355,81337,13017,2026000543.0
558.0,20217000000000.0,PEDRO FELIPE ROJAS TARAZONA,EL GUAYABAL Y LA PARADA VDA JUNIN,Rural,84085,72472,11612,2026000544.0
559.0,20218000000000.0,JOAQUIN CORREA NINO,EL GAVILAN VDA: JUNIN,Rural,645630,525105,120525,2026000545.0
560.0,20220000000000.0,HERMINDA MARTINEZ HERNANDEZ,OJITO SORURO EL GUAMO,Rural,41500,38580,2920,2026000546.0
561.0,20222000000000.0,ROBERTO CES ROJAS CARVAJAL,EL GUAMO VDA JUNIN,Rural,23650,20400,3250,2026000547.0
562.0,20223000000000.0,LUDWING ARLEY ANAYA MENDEZ,MEJORALES Y POZUELO VDA JUNIN,Rural,24630,21540,3090,2026000548.0
565.0,20226000000000.0,CARLOS SAUL CACERES HERNANDEZ,SAN ANTONIO VDA. JUNIN,Rural,31445,25567,5877,2026000551.0
566.0,20228000000000.0,JOSE HIPOLITO SIERRA ESCURAINA,SAN ANTONIO,Rural,72805,58717,14087,2026000552.0
567.0,20229000000000.0,JOSE HIPOLITO SIERRA ESCURAINA,EL MAGUEYAL,Rural,45505,42337,3167,2026000553.0
569.0,20231000000000.0,AGUSTIN REDONDO VILLABONA,LA ARGENTINA,Rural,90595,81795,8800,2026000554.0
570.0,20232000000000.0,NELSON ALBERTO RAMIREZ CACERES,LAGUNITA VDA: JUNIN,Rural,42040,36247,5792,2026000555.0
574.0,20237000000000.0,MARCO ANTONIO DIAZ SUA,LOTE TERRENO VDA JUNIN,Rural,151930,142575,9355,2026000559.0
575.0,20238000000000.0,ALBA INES MENESES VILLAMIZAR,EL GARROCHO VDA JUNIN,Rural,138860,119700,19160,2026000560.0
576.0,20239000000000.0,GUSTAVO CARVAJAL MORA,PIEDRA GRANDE VDA JUNIN,Rural,62000,56287,5712,2026000561.0
580.0,20246000000000.0,RAUL ROJAS GONZALEZ,LA EMBOCADA,Rural,21020,18120,2900,2026000565.0
581.0,20247000000000.0,ABRAHAM MORA ORTIZ,LA CORRALEJA VDA. JUNIN,Rural,50335,40605,9730,2026000566.0
583.0,20250000000000.0,EVANGELINA MORA FLOREZ,EL SAUZ VDA. JUNIN,Rural,129210,107850,21360,2026000568.0
584.0,20251000000000.0,GUSTAVO MORA FLOREZ,LA ERA,Rural,280380,228120,52260,2026000569.0
586.0,20253000000000.0,ABRAHAM MORA ORTIZ,LA VEGA,Rural,26965,21750,5215,2026000570.0
587.0,20254000000000.0,ABRAHAM MORA ORTIZ,AGUADITA,Rural,89880,72472,17407,2026000571.0
589.0,20258000000000.0,MARIA OTILIA OLEJUA REYES,EL MIRADOR VDA JUNIN,Rural,237550,181560,55990,2026000573.0
590.0,20259000000000.0,ALVARO SANDOVAL MORA,LA CASITA VDA: JUNIN,Rural,209775,168405,41370,2026000574.0
592.0,20261000000000.0,ROQUE JULIO AYALA ROJAS,SAUZ,Rural,80530,60397,20132,2026000576.0
594.0,20263000000000.0,GONZALO OSORIO LONDONO,EL ROBLE,Rural,135270,102450,32820,2026000577.0
596.0,20265000000000.0,ROBERTO ROJAS CARVAJAL,EL PINTO VDA JUNIN,Rural,69760,53745,16015,2026000579.0
599.0,20268000000000.0,ALVARO CES SANDOVAL MORA,VILLA NUEVA Y ANGOSTO VDA JUNIN,Rural,228305,172920,55385,2026000582.0
600.0,20269000000000.0,LUIS ALBERTO ESPINEL GARCIA,EL ANGOSTO VDA: JUNIN,Rural,197595,161565,36030,2026000583.0
601.0,20270000000000.0,LUIS ALBERTO ESPINEL GARCIA,EL ANGOSTO VDA: JUNIN,Rural,221030,189592,31437,2026000584.0
603.0,20272000000000.0,MARLLY YANETH ROJAS ORTIZ,LA AGUADA VDA JUNIN,Rural,689830,517372,172457,2026000586.0
604.0,20275000000000.0,MIREYA TARAZONA BARAJAS,EL ENCERRADO VDA JUNIN,Rural,80530,60397,20132,2026000587.0
605.0,20276000000000.0,PEDRO FELIPE ROJAS TARAZONA,EL RECUERDO VDA JUNIN,Rural,53900,40425,13475,2026000588.0
606.0,20277000000000.0,OSCAR MIGUEL ROJAS ORTIZ,EL RECUERDO VDA: JUNIN,Rural,138895,111360,27535,2026000589.0
607.0,20278000000000.0,PEDRO FELIPE ROJAS TARAZONA,EL EUCALIPTUS VDA JUNIN,Rural,48330,36247,12082,2026000590.0
608.0,20279000000000.0,OMAR SANDOVAL MORA,EL RECUERDO VDA: JUNIN,Rural,164110,124140,39970,2026000591.0
610.0,20283000000000.0,LEONOR PEREZ MARTINEZ,CHIRIMOYO VDA JUNIN,Rural,40940,37717,3222,2026000593.0
611.0,20284000000000.0,LEONOR PEREZ MARTINEZ,EL MEXICO VDA JUNIN,Rural,67375,53385,13990,2026000594.0
612.0,20285000000000.0,LUIS ALBERTO TARAZONA PENA,MANGO ENCERRADO DEL CURO,Rural,214450,165165,49285,2026000595.0
613.0,20286000000000.0,JUSTINIANO BUSTOS,LOMA DEL MANGO,Rural,252885,226815,26070,2026000596.0
620.0,20293000000000.0,PABLO EMILIO MEZA MENDEZ,EL NARANJITO,Rural,33235,28642,4592,2026000602.0
622.0,20295000000000.0,HUBERT CALDERON PALENCIA,EL CEDRO LA AGUADA,Rural,231520,183412,48107,2026000603.0
623.0,20296000000000.0,HUBERT CALDERON PALENCIA,EL OSADO,Rural,135290,101467,33822,2026000604.0
624.0,20297000000000.0,OSCAR FERNANDO CALDERON PINERES,EL CEDRO VDA JUNIN,Rural,128870,96652,32217,2026000605.0
625.0,20299000000000.0,MARGARITA SUESCUN REDONDO,EL GUAMITO VDA: JUNIN,Rural,50430,45000,5430,2026000606.0
626.0,20300000000000.0,MARIO SANTIESTEBAN MARTINEZ,EL CUCHARO VDA JUNIN,Rural,128510,98625,29885,2026000607.0
627.0,20303000000000.0,LUDWING ARLEY ANAYA MENDEZ,VILLA HELENA VEREDA JUNIN,Rural,211965,185287,26677,2026000608.0
630.0,20306000000000.0,FELIX MARIA ORTIZ BARAJAS,EL SORURO VDA. JUNIN,Rural,15765,13605,2160,2026000610.0
631.0,20307000000000.0,LEONARDO MENDEZ MERCHAN,BUENAVISTA VDA: JUNIN,Rural,82455,67500,14955,2026000611.0
632.0,20309000000000.0,POLA CARVAJAL ROJAS,LA CUADRA,Rural,39770,35445,4325,2026000612.0
637.0,20318000000000.0,GELVER ANTONIO REYES JURADO,LA ANTIGUA VDA JUNIN,Rural,16235,14490,1745,2026000617.0
638.0,20319000000000.0,GELVER ANTONIO REYES JURADO,LA LAJITA VDA JUNIN,Rural,54125,48337,5787,2026000618.0
642.0,20323000000000.0,VICTOR JULIO GUTIERREZ,LOMA REDONDA,Rural,1130,847,282,2026000622.0
643.0,20324000000000.0,HECTOR ALFONSO CACERES MENDEZ,CANOAS VDA: JUNIN,Rural,8410,7177,1232,2026000623.0
644.0,20325000000000.0,RAUL CES BARAJAS MENDOZA,EMBOCADA VDA JUNIN,Rural,19350,16890,2460,2026000624.0
647.0,20328000000000.0,FERNANDO SIERRA FLOREZ,EL PIPO VDA JUNIN,Rural,202090,161130,40960,2026000627.0
648.0,20329000000000.0,GLORIA GONZALEZ FAJARDO,LOS PINOS,Rural,160955,130132,30822,2026000628.0
650.0,20331000000000.0,MIGUEL FAJARDO TARAZONA,EL CHIRIMOYO,Rural,96490,76852,19637,2026000630.0
651.0,20332000000000.0,LUIS TARAZONA SIERRA,EL SALADITO VDA: JUNIN,Rural,142015,114532,27482,2026000631.0
652.0,20335000000000.0,RICARDO BASTO PIZA,EL PINO VDA JUNIN,Rural,89880,72472,17407,2026000632.0
653.0,20336000000000.0,RAUL BARAJAS MENDOZA,EL UVO VDA JUNIN,Rural,197095,159255,37840,2026000633.0
655.0,20338000000000.0,CRISPIN SANTANDER ORTIZ,EUCALIPTUS O CAPELLANIA,Rural,345550,306772,38777,2026000635.0
657.0,20341000000000.0,HERMINDA TARAZONA HERNANDEZ,LOTE TERRENO VDA JUNIN,Rural,302770,227077,75692,2026000637.0
658.0,20342000000000.0,HUVER DAVID SIERRA CORDERO,LA CUADRA VDA: JUNIN,Rural,56380,42285,14095,2026000638.0
660.0,20346000000000.0,MARIA ELISA MENDEZ PINTO,EL LOQUETAL,Rural,52210,39157,13052,2026000640.0
663.0,20352000000000.0,MONICA YOANA CALDERON TARAZONA,EL CAMPANARIO VDA: JUNIN,Rural,105540,94230,11310,2026000643.0
666.0,20355000000000.0,RAUL BARAJAS MENDOZA,EL LAUREL,Rural,43095,37155,5940,2026000646.0
670.0,20359000000000.0,ISMAEL BASTO PIZA,EL UVO VDA: JUNIN,Rural,79030,69532,9497,2026000650.0
671.0,20361000000000.0,MIGUEL FAJARDO TARAZONA,LA CUADRA,Rural,71395,58852,12542,2026000651.0
672.0,20362000000000.0,NURY AIDA OTERO TAMI,LOS PANTANOS,Rural,370270,277702,92567,2026000652.0
673.0,20363000000000.0,IVAN DARIO OTERO FAJARDO,LA RINCONADA Y CUEVA VDA: JUNIN,Rural,226035,187275,38760,2026000653.0
674.0,20364000000000.0,JUAN JOSE OTERO FAJARDO,LA ZARZA,Rural,130715,98955,31760,2026000654.0
675.0,20365000000000.0,NURY AIDA OTERO TAMI,EL GUAYABAL VDA JUNIN,Rural,219690,164767,54922,2026000655.0
676.0,20366000000000.0,ANA DORIS SIERRA TARAZONA,EL LOQUETAL,Rural,55315,44662,10652,2026000656.0
677.0,20367000000000.0,FORTUNATO QUINTERO FLOREZ,LA MELGA,Rural,12935,12934,0,2026000657.0
678.0,20368000000000.0,ALEJANDRO CACERES CARVAJAL,EL CIRUELITO,Rural,44940,36247,8692,2026000658.0
679.0,20369000000000.0,HUMBERTO CES CARVAJAL ROJAS,EL PORVENIR,Rural,44280,38272,6007,2026000659.0
680.0,20370000000000.0,NUBIA TARAZONA,EL LOQUETAL VDA JUNIN,Rural,64610,58822,5787,2026000660.0
681.0,20371000000000.0,VICTOR JULIO SUESCUN REDONDO,LA REGALIA VDA: JUNIN,Rural,81600,65242,16357,2026000661.0
682.0,20372000000000.0,HUMBERTO CARVAJAL ROJAS,EL UVO VDA: JUNIN,Rural,31310,27967,3342,2026000662.0
683.0,20373000000000.0,MIGUEL FAJARDO TARAZONA,LO No 1,Rural,12860,9645,3215,2026000663.0
684.0,20374000000000.0,ANGEL MARIA ROJAS CARVAJAL,LA MESETA,Rural,9190,7927,1262,2026000664.0
685.0,20375000000000.0,LUCIANO CORDERO CACERES,BELLAVISTA VDA JUNIN,Rural,146115,123765,22350,2026000665.0
686.0,20376000000000.0,LUCIANO CORDERO CACERES,EL LIMONCITO VDA: JUNIN,Rural,128475,112440,16035,2026000666.0
687.0,20377000000000.0,DORIS ROJAS ROJAS,EL CARRETON,Rural,64455,55575,8880,2026000667.0
689.0,20379000000000.0,GELVER BARAJAS MORALES,EL UVO VDA: JUNIN,Rural,12285,10972,1312,2026000669.0
690.0,20380000000000.0,GELVER BARAJAS MORALES,EL SORURO,Rural,17735,15570,2165,2026000670.0
692.0,20383000000000.0,GUSTAVO SUC CARVAJAL MORA,EL LECHERO,Rural,15765,13605,2160,2026000671.0
693.0,20384000000000.0,WILSON HERNAN CACERES NINO,EL PORVENIR VDA: JUNIN,Rural,43790,42960,830,2026000672.0
694.0,20385000000000.0,GLORIA JAIMES ALARCON,LA SAUZA VDA JUNIN,Rural,72920,57255,15665,2026000673.0
695.0,20386000000000.0,LUIS ARTURO CES CALDERON FLOREZ,HORNITO,Rural,69670,55695,13975,2026000674.0
697.0,20388000000000.0,MARIA ELENA CACERES CORDERO,LAS DESPENSAS,Rural,85360,78097,7262,2026000676.0
698.0,20391000000000.0,CARLOS JULIO CES RANGEL FONSECA,LOS TILOS,Rural,23125,19920,3205,2026000677.0
702.0,20395000000000.0,IVAN DE JESUS SUC CARVAJAL,EL UVO VDA JUNIN,Rural,25225,21750,3475,2026000681.0
703.0,20396000000000.0,MARCO ANTONIO DIAZ SUA,LOTE DE TERRENO VDA JUNIN,Rural,126480,111037,15442,2026000682.0
704.0,20397000000000.0,FLORELVA TARAZONA HERNANDEZ,LOTE DE TERRENO,Rural,139780,125625,14155,2026000683.0
705.0,20398000000000.0,POMPILIO GONZALEZ BUITRAGO,LOTE DE TERRENO,Rural,32210,24157,8052,2026000684.0
706.0,20399000000000.0,EMILIO GUERRERO NINO,LA AGUADITA VDA: JUNIN,Rural,219940,164955,54985,2026000685.0
707.0,20400000000000.0,GILBERTO BUITRAGO,LA AGUADITA VDA: JUNIN,Rural,32210,24157,8052,2026000686.0
708.0,20401000000000.0,INES TARAZONA HERNANDEZ,LO DE TERRENO VDA JUNIN,Rural,316930,253927,63002,2026000687.0
709.0,20402000000000.0,ALBA INES MENESES VILLAMIZAR,EL NARANJITO VDA JUNIN,Rural,28130,24247,3882,2026000688.0
710.0,20403000000000.0,GLORIA AMPARO MENESES VILLAMIZAR,EL NARANJO VDA JUNIN,Rural,27325,23550,3775,2026000689.0
711.0,20404000000000.0,TULIA FONSECA HERNANDEZ,LA SAUZA,Rural,25225,21750,3475,2026000690.0
712.0,20405000000000.0,GONZALO FONSECA HERNANDEZ,LOS PANTANOS,Rural,60230,48945,11285,2026000691.0
714.0,20407000000000.0,JOSEFINA FONSECA HERNANDEZ,EL SORURO VDA. JUNIN,Rural,29430,25380,4050,2026000693.0
720.0,20413000000000.0,FERNANDO SIERRA FLOREZ,POZUELO,Rural,121340,97852,23487,2026000697.0
721.0,20414000000000.0,ROSA DELIA CORDERO ORTIZ,EL NARANJO VDA: JUNIN,Rural,134825,108735,26090,2026000698.0
722.0,20415000000000.0,LUZ ALEIDA BOADA ESPINEL,HUERTA VIEJA VDA: JUNIN,Rural,128775,107752,21022,2026000699.0
724.0,20417000000000.0,ARISTOBULO GONZALEZ ROJAS,EL TOBO VDA JUNIN,Rural,43095,37155,5940,2026000701.0
725.0,20418000000000.0,PABLO EMILIO MEZA MENDEZ,PALO VERDE VDA. JUNIN,Rural,54875,48690,6185,2026000702.0
730.0,20423000000000.0,IVAN DARIO OTERO FAJARDO,LOS UVOS QUICHIGA VDA: JUNIN,Rural,368365,302797,65567,2026000707.0
731.0,20424000000000.0,BENJAMIN HERNANDEZ ROJAS,LA VEGA VDA JUNIN,Rural,280880,226522,54357,2026000708.0
732.0,20425000000000.0,LETICIA ORTIZ ROJAS,LA PARADA VDA JUNIN,Rural,36230,27172,9057,2026000709.0
733.0,20426000000000.0,PEDRO FELIPE ROJAS TARAZONA,AGUADAS Y ABEJONES VDA: JUNIN,Rural,36230,27172,9057,2026000710.0
735.0,20428000000000.0,ALEIDA CACERES MENDEZ,LOTE TERRENO RURAL VDA: JUNIN,Rural,3630,2722,907,2026000712.0
736.0,20429000000000.0,JAVIER MEZA MENDEZ,LA EMBOCADA,Rural,31020,27135,3885,2026000713.0
738.0,20431000000000.0,ANDRES TORRES TARAZONA,LA MESA VDA: JUNIN,Rural,264630,238365,26265,2026000715.0
739.0,20432000000000.0,ANDRES TORRES TARAZONA,LOS SALVIOS LOQUETAL Y BRIGIDA CHI,Rural,939970,745065,194905,2026000716.0
740.0,20433000000000.0,ANDRES TORRES TARAZONA,LA BRIGIDA,Rural,386375,318960,67415,2026000717.0
742.0,20435000000000.0,HERMAN ROJAS ORTIZ,NUEVA HOLANDA CASA VDA: JUNIN,Rural,38565,37440,1125,2026000719.0
743.0,20436000000000.0,NELLY ORTIZ LOPEZ,NUEVA HOLANDA LOTE,Rural,120945,104820,16125,2026000720.0
748.0,20443000000000.0,MARINA DUARTE CALDERON,EL UVITO VDA JUNIN,Rural,108470,86190,22280,2026000725.0
749.0,20444000000000.0,RODULFO SANABRIA SANDOVAL,EL OSADO VDA JUNIN,Rural,322550,254055,68495,2026000726.0
750.0,20447000000000.0,NELSON IVAN ORTIZ LOPEZ,SAN RAFAEL VDA: JUNIN,Rural,104825,87172,17652,2026000727.0
752.0,20449000000000.0,NELSON IVAN ORTIZ LOPEZ,LA ESPERANZA VDA JUNIN,Rural,77680,58260,19420,2026000729.0
753.0,20450000000000.0,MIGUEL ANGEL CACERES MENDEZ,EL TESORO VDA: JUNIN,Rural,186710,142402,44307,2026000730.0
757.0,20454000000000.0,HECTOR PRUDENCIO DUARTE CALDERON,BELLAVISTA VDA: JUNIN,Rural,201380,160605,40775,2026000734.0
760.0,20457000000000.0,LUIS EDUARDO HERNANDEZ PEREZ,EL NARANJO VDA JUNIN,Rural,32955,26580,6375,2026000737.0
761.0,20458000000000.0,ARGEMIRO MERCHAN FONSECA,LA VIVIENDA VDA: JUNIN,Rural,35780,30682,5097,2026000738.0
762.0,20459000000000.0,CRISTINA CACERES BORRERO,LA PALMITA VDA JUNIN,Rural,61615,50797,10817,2026000739.0
763.0,20460000000000.0,PEDRO ANTONIO CACERES REYES,EL UVITO VDA: JUNIN,Rural,47935,38647,9287,2026000740.0
765.0,20462000000000.0,SANDALIO SUC VILLABONA,SAN ANTONIO VDA: JUNIN,Rural,26100,19575,6525,2026000742.0
766.0,20463000000000.0,WALDINA BARAJAS ROJAS,LA AGUADA VDA JUNIN,Rural,146350,130642,15707,2026000743.0
768.0,20465000000000.0,CARMEN JULIO ROJAS CARVAJAL,EL PINO VDA: JUNIN,Rural,16815,14490,2325,2026000745.0
769.0,20466000000000.0,OSCAR MIGUEL ROJAS ORTIZ,EL CARRIZAL VDA JUNIN,Rural,18920,16320,2600,2026000746.0
771.0,20468000000000.0,ALBA EDDY BUITRAGO PACHON,EL RANCHO VDA: JUNIN,Rural,48330,36247,12082,2026000748.0
772.0,20469000000000.0,JAIME GAVIRIA MERCHAN,POZO BRAVO VDA: JUNIN,Rural,144295,115282,29012,2026000749.0
775.0,20472000000000.0,HUBERT CALDERON PALENCIA,EL NARANJO VDA JUNIN,Rural,32210,24157,8052,2026000752.0
777.0,20475000000000.0,CARMEN ADRIANA LEON MARTINEZ,LOS NARANJOS VDA JUNIN,Rural,62740,57382,5357,2026000754.0
779.0,20477000000000.0,MIGUEL ANGEL CACERES MENDEZ,PIEDRA GRANDE VDA JUNIN,Rural,78495,63307,15187,2026000756.0
780.0,20478000000000.0,GRACIELA MORALES MENDEZ,BORRACHERO VDA JUNIN,Rural,19175,15457,3717,2026000757.0
781.0,20479000000000.0,LEONARDO MENDEZ MERCHAN,LOQUETICO VDA JUNIN,Rural,65915,53145,12770,2026000758.0
782.0,20480000000000.0,ALIRIO MESA MENDEZ,EL ESCOBAL VDA JUNIN,Rural,120695,98010,22685,2026000759.0
783.0,20481000000000.0,EDITH MENDEZ BELTRAN,EL CUCHARO VDA JUNIN,Rural,18820,15270,3550,2026000760.0
784.0,20482000000000.0,FLOR DE MARIA MENDEZ MERCHAN,EL NARANJO VDA JUNIN,Rural,54740,45802,8937,2026000761.0
785.0,20483000000000.0,ALIRIO MEZA MENDEZ,CASA DE TEJA VDA JUNIN,Rural,6515,5617,897,2026000762.0
786.0,20484000000000.0,ALIRIO MESA MENDEZ,EL SORURO VDA JUNIN,Rural,39310,33892,5417,2026000763.0
787.0,20485000000000.0,LEONARDO MENDEZ MERCHAN,EL ZAGAMAL VDA JUNIN,Rural,36785,31717,5067,2026000764.0
788.0,20486000000000.0,BLANCA LUCIA CARVAJAL PENA,PEDACITO DE CIELO VDA JUNIN,Rural,326250,293235,33015,2026000765.0
791.0,20489000000000.0,INVERTIR E INMOBILIARIA REYES Y RUE,LOS PINOS VDA JUNIN,Rural,36875,34395,2480,2026000767.0
792.0,20490000000000.0,MARCO ANTONIO DIAZ SUA,LAS CUADRAS LO 2 VDA JUNIN,Rural,130255,103252,27002,2026000768.0
794.0,20492000000000.0,NELLY KATHERINE BARON CHIVATA,LA EMBOCADA VDA JUNIN,Rural,69770,60982,8787,2026000770.0
795.0,20493000000000.0,NELLY KATHERINE BARON CHIVATA,LA BRANCA VDA JUNIN,Rural,86040,74190,11850,2026000771.0
796.0,20494000000000.0,MIGUEL FAJARDO TARAZONA,LA RINCONADA VDA JUNIN,Rural,64450,48337,16112,2026000772.0
799.0,20497000000000.0,RAUL BARAJAS MENDOZA,LA PLAZUELA LO 4 VDA JUNIN,Rural,21020,18120,2900,2026000775.0
800.0,20498000000000.0,LUIS ERNESTO LOPEZ,EL SORURO LO 2 VDA JUNIN,Rural,7155,6172,982,2026000776.0
801.0,20499000000000.0,GUSTAVO MORA FLOREZ,EL BARRANCO,Rural,23105,18645,4460,2026000777.0
3879.0,20503000000000.0,ANA YOLIMA ROJAS ROJAS,LOS EUCALIPTUS,Rural,18920,16312,2607,2026003714.0
805.0,30002000000000.0,JOSE ANTONIO CARDENAS,PIEDRA DE TAPIAS Y CUEVA DE TRAMPA,Rural,2420,1815,605,2026000780.0
808.0,30005000000000.0,JOSE ANTONIO CARDENAS,LA PROVIDENCIA,Rural,970,727,242,2026000783.0
809.0,30006000000000.0,FANY ORTIZ SALAZAR,LOS PINOS VDA CARABOBO,Rural,32225,27892,4332,2026000784.0
810.0,30007000000000.0,NIDIA ORTIZ CARVAJAL,EL CARRIALITO VDA CARABOBO,Rural,23600,18292,5307,2026000785.0
811.0,30009000000000.0,ROBERTO PENA TORRES,LOTE NUMERO UNO (1) PEÑA BLANCA,Rural,10340,7755,2585,2026000786.0
814.0,30013000000000.0,FERNEY VERA MERCHAN,EL RAQUITO VDA CARABOBO,Rural,151090,113317,37772,2026000789.0
818.0,30017000000000.0,ELIDA RAMIREZ,VADOANCHO VDA CARABOBO,Rural,63710,47782,15927,2026000793.0
819.0,30018000000000.0,JOVITA REYES RAMIREZ,NITAGA,Rural,107890,80917,26972,2026000794.0
820.0,30019000000000.0,MIGUEL PENA PENA,PUERTA DEL LLANO,Rural,84170,68902,15267,2026000795.0
822.0,30023000000000.0,JAIME CARVAJAL CARVAJAL,HORNITOS VDA CARABOBO,Rural,85900,73777,12122,2026000797.0
823.0,30025000000000.0,JORGE ELIECER CES RAMIREZ REYES,CASA VIEJA EL INJERTO VDA CARABOBO,Rural,67580,56632,10947,2026000798.0
825.0,30027000000000.0,MARCO AURELIO RAMIREZ REYES,CASA VIEJA EL INJERTO,Rural,158800,128955,29845,2026000800.0
826.0,30028000000000.0,CLAUDIO VERA,CASA VIEJA,Rural,163280,142867,20412,2026000801.0
827.0,30029000000000.0,AQUILINO CARDENAS CARVAJAL,LA LOMA DEL VIEJO VDA: CARABOBO,Rural,172525,134002,38522,2026000802.0
829.0,30032000000000.0,ANGEL MARIA CARVAJAL GONZALEZ,EL PINUELO VDA: CARABOBO,Rural,145605,119565,26040,2026000804.0
832.0,30035000000000.0,LUIS ENRIQUE SIERRA CARVAJAL,EL MIRADOR VDA CARABOBO,Rural,41790,31342,10447,2026000807.0
833.0,30036000000000.0,ELVIRA CES CARVAJAL GONZALEZ,LA LEONA VDA: CARABOBO,Rural,106760,84412,22347,2026000808.0
839.0,30042000000000.0,ADOLFO CARVAJAL CARVAJAL,PIEDRA GRANDE,Rural,8140,6105,2035,2026000814.0
842.0,30045000000000.0,MARIA HELENA CARVAJAL,GOLONDRINAS,Rural,820,615,205,2026000817.0
846.0,30050000000000.0,SILVINO CASTRO,LAS ARDITAS Y DETAL,Rural,237980,195585,42395,2026000821.0
848.0,30052000000000.0,GUILLERMO REYES CARVAJAL,CASA NUEVA,Rural,29265,24532,4732,2026000823.0
858.0,30063000000000.0,MELCIADES CARVAJAL,PARISOTO VDA CARABOBO,Rural,8210,6157,2052,2026000833.0
867.0,30072000000000.0,MARIO CASTRO CERINZA,PALO BLANCO VDA CARABOBO,Rural,38595,34530,4065,2026000841.0
868.0,30073000000000.0,CARLOS MENESES JAIMES,LA NORMA,Rural,704075,567810,136265,2026000842.0
870.0,30076000000000.0,CARMEN NONA LOZANO CORREA,EL ROMASAL,Rural,4030,3022,1007,2026000844.0
872.0,30078000000000.0,JOSE ANTONIO CARDENAS,CUEVA DE TRAMPA VDA: CARABOBO,Rural,1190,892,297,2026000846.0
874.0,30080000000000.0,LUIS HELI MERCHAN,LA PUERTA,Rural,1100,825,275,2026000847.0
877.0,30083000000000.0,LUIS FRANCISCO CARVAJAL MERCHAN,PILETAS VDA CARABOBO,Rural,15020,11265,3755,2026000850.0
878.0,30084000000000.0,GUILLERMO REYES CARVAJAL,EL RAQUITO,Rural,47190,35392,11797,2026000851.0
881.0,30087000000000.0,AQUILINO CARDENAS CARVAJAL,LAS LAGUNITAS,Rural,33630,25222,8407,2026000854.0
882.0,30088000000000.0,MARLENI CARVAJAL CARVAJAL,CANOTAL,Rural,30840,24420,6420,2026000855.0
884.0,30090000000000.0,ESTEBAN CARVAJAL SIERRA,CHORRO DE HUMO,Rural,4460,3345,1115,2026000857.0
892.0,30098000000000.0,MILCIADES CARVAJAL,CANONCITO,Rural,530,397,132,2026000865.0
895.0,30101000000000.0,ISIDRO MURILLO CARVAJAL,POZO COLORADO,Rural,530,397,132,2026000868.0
896.0,30102000000000.0,ANA DOLORES CARVAJAL MURILLO,PIEDRA BLANCA,Rural,460,345,115,2026000869.0
897.0,30103000000000.0,LUIS BASTO,EL REMOLINO VDA CARABOBO,Rural,2210,1657,552,2026000870.0
898.0,30104000000000.0,MARIA ELENA MENESES JAIMES,LA VICTORIA VDA CARABOBO,Rural,31820,23865,7955,2026000871.0
899.0,30105000000000.0,TERESA MENESES JAIMES,LA PALMERA VDA CARABOBO,Rural,40270,30202,10067,2026000872.0
912.0,30119000000000.0,EULALIA CORREA LOZANO,SABANETAS,Rural,4830,3622,1207,2026000885.0
913.0,30120000000000.0,MARCIANO GARCIA ORTIZ,LLANO DE SILVA VDA CARABOBO,Rural,4840,3630,1210,2026000886.0
915.0,30123000000000.0,ELVA LOZANO CORREA,SABANETAS VDA CARABOBO,Rural,38680,29010,9670,2026000888.0
916.0,30124000000000.0,EULALIA CORREA LOZANO,CHIRASCUIRAS LO 8,Rural,54850,41137,13712,2026000889.0
920.0,30128000000000.0,LUIS ALBERTO CARVAJAL RAMIREZ,CERINZA,Rural,3680,2760,920,2026000893.0
921.0,30129000000000.0,MARTHA HELENA BASTO CASTRO,LAGUANA SECA LO1 VDA CARABOBO,Rural,6890,5167,1722,2026000894.0
925.0,30133000000000.0,DOMINGO CARVAJAL,MESETA GRANDE,Rural,227645,185482,42162,2026000898.0
926.0,30134000000000.0,ILDA SIERRA CALDERON,LA MESETA DEL TOBO,Rural,71365,57450,13915,2026000899.0
933.0,30143000000000.0,CARMEN NONA LOZANO CORREA,EL TABLON,Rural,40270,30202,10067,2026000906.0
935.0,30145000000000.0,MARINA PENA PENA,NITAGA VDA CARABOBO,Rural,156940,117705,39235,2026000907.0
936.0,30146000000000.0,ANA MYRIAM VERA PENA,MESAS LO 1 VDA CARABOBO,Rural,3290,2467,822,2026000908.0
941.0,30151000000000.0,HILDA SIERRA CARVAJAL,EL ENCENILLO,Rural,21445,19057,2387,2026000912.0
942.0,30152000000000.0,ILDA SIERRA CALDERON,LA MESETA DEL TOBO,Rural,64725,52192,12532,2026000913.0
944.0,30154000000000.0,DARIO CARVAJAL GONZALEZ,EL RACO,Rural,174795,142612,32182,2026000915.0
945.0,30155000000000.0,ANA VICENCIA CARVAJAL SIERRA,MESETA REDONDA,Rural,116465,96600,19865,2026000916.0
946.0,30156000000000.0,MARIA HELENA CARVAJAL GONZALEZ,MATA DE PICUY,Rural,117970,95152,22817,2026000917.0
957.0,30168000000000.0,MIREYA BASTO ORTIZ,LA CASONA VDA CARABOBO,Rural,52970,39727,13242,2026000928.0
959.0,30170000000000.0,CARMEN CECILIA BASTO ORTIZ,EL PRADO,Rural,11700,8775,2925,2026000930.0
961.0,30173000000000.0,ERIKA ZULAY ORTIZ CARVAJAL,EL CUCHARITO,Rural,66575,54412,12162,2026000932.0
963.0,30175000000000.0,FELIX SIERRA CARVAJAL,EL TABLON,Rural,112335,88605,23730,2026000934.0
968.0,30181000000000.0,ARMANDO PENA VEGA,CASA NUEVA LO 1 VDA CARABOBO,Rural,46140,34605,11535,2026000938.0
969.0,30182000000000.0,NICOLAS PENA CARVAJAL,EL VALLADO,Rural,78810,59107,19702,2026000939.0
972.0,30185000000000.0,DANIEL VERA PENA,LO 1 LA CHALETA,Rural,22010,16507,5502,2026000942.0
973.0,30186000000000.0,TILCIA PENA BASTO,MATA DE LATA VDA CARABOBO,Rural,36230,27172,9057,2026000943.0
977.0,30190000000000.0,FLORO VERA CASTRO,EL ALISO VDA CARABOBO,Rural,157580,125467,32112,2026000947.0
978.0,30192000000000.0,ADELSO HERNANDEZ VERA,VILLANUEVA VDA: CARABOBO,Rural,181225,155842,25382,2026000948.0
980.0,30194000000000.0,TEOFILO CARVAJAL,LA PEDREGOSA VDA CARABOBO,Rural,154300,124425,29875,2026000949.0
981.0,30195000000000.0,ARTURO CARVAJAL VERA,LO 1 EL PORVENIR VDA CARABOBO,Rural,1640,1230,410,2026000950.0
983.0,30197000000000.0,FLORO VERA CASTRO,CASA LOMA VDA CARABOBO,Rural,103070,77302,25767,2026000952.0
984.0,30198000000000.0,FERNEY VERA MERCHAN,EL MOLINO VDA CARABOBO,Rural,132935,101752,31182,2026000953.0
987.0,30201000000000.0,BLANCA LUCIA CARVAJAL PENA,LA MADRINA VDA CARABOBO,Rural,587710,476377,111332,2026000956.0
992.0,30206000000000.0,EDUARDO CALDERON,EL ARBOLITO VDA CARABOBO,Rural,182490,137355,45135,2026000961.0
993.0,30207000000000.0,CLEOMEDES PEÑA RAMIREZ,FRAILEJONAL VDA CARABOBO,Rural,110950,83212,27737,2026000962.0
994.0,30208000000000.0,RODRIGO MURILLO CARVAJAL,LA ESPERANZA VDA CARABOBO,Rural,152140,114105,38035,2026000963.0
1002.0,30216000000000.0,LUIS FRANCISCO CARVAJAL MERCHAN,PILETAS VDA CARABOBO,Rural,10300,7725,2575,2026000969.0
1004.0,30218000000000.0,ALEXI ORTIZ SALAZAR,EL RAIZALITO VDA CARABOBO,Rural,5610,4207,1402,2026000971.0
1006.0,30220000000000.0,FANY ORTIZ SALAZAR,LA LAJA VDA CARABOBO,Rural,18720,14040,4680,2026000973.0
1007.0,30221000000000.0,FANY ORTIZ SALAZAR,CUEVA COLORADA VDA CARABOBO,Rural,34750,26062,8687,2026000974.0
1011.0,30225000000000.0,CARLOS PENA BASTO,LA PLAYA VDA CARABOBO,Rural,36910,29250,7660,2026000978.0
1014.0,30228000000000.0,EMERITA PENA TORRES,LOS TOBOS VDA CARABOBO,Rural,21960,16470,5490,2026000981.0
1016.0,30230000000000.0,MIGUEL PENA PENA,FRAILEJONAL VDA CARABOBO,Rural,27470,20602,6867,2026000983.0
1019.0,30233000000000.0,SILVINO CASTRO,LA YERBABUENA VDA CARABOBO,Rural,37090,27817,9272,2026000986.0
1020.0,30234000000000.0,GILVER ROBERTO CARVAJAL BASTO,LA VENTANA VDA CARABOBO,Rural,9010,6757,2252,2026000987.0
1021.0,30235000000000.0,PRINCIPE BASTO CASTRO,PLAYITAS VDA CARABOBO,Rural,3540,2655,885,2026000988.0
1022.0,30236000000000.0,ORLANDO PENA VEGA,CUCALA VDA CARABOBO,Rural,6190,4642,1547,2026000989.0
1023.0,30237000000000.0,HERMELINA BASTO CASTRO,LO 7 EL CAJON VDA CARABOBO,Rural,4750,3562,1187,2026000990.0
1030.0,30244000000000.0,CLIMACO SIERRA CARVAJAL,EL PORVENIR,Rural,92370,74497,17872,2026000996.0
1031.0,30245000000000.0,FLOR SIERRA CARVAJAL,EL RECUERDO,Rural,114915,94387,20527,2026000997.0
1032.0,30246000000000.0,HECTOR SIERRA CARVAJAL,EL RECUERDO VDA CARABOBO,Rural,95965,77400,18565,2026000998.0
1033.0,30247000000000.0,LUIS ENRIQUE SIERRA CARVAJAL,EL RACO VDA CARABOBO,Rural,94760,76440,18320,2026000999.0
1035.0,30249000000000.0,ALIRIO SIERRA CARVAJAL,CADILLAL VDA CARABOBO,Rural,11480,8610,2870,2026001001.0
1036.0,30250000000000.0,CLIOFE SIERRA CARVAJAL,PIEDRA REDONDA VDA CARABOBO,Rural,13490,10117,3372,2026001002.0
1037.0,30251000000000.0,ANA MYRIAM VERA PENA,EL SITIO VDA CARABOBO,Rural,9870,7402,2467,2026001003.0
1044.0,30258000000000.0,GILVER ROBERTO CARVAJAL BASTO,ROMERAL LO 1 VDA CARABOBO,Rural,2130,1597,532,2026001010.0
1053.0,30267000000000.0,ADELSO HERNANDEZ VERA,EL PROGRESO LO 2 VDA CARABOBO,Rural,1640,1230,410,2026001019.0
1056.0,30270000000000.0,RODRIGO ORTIZ ABRIL,CULEBRAS VDA CARABOBO,Rural,2820,2115,705,2026001022.0
1057.0,30271000000000.0,GELVER VERA BASTO,LO 2 LA ESPERANZA,Rural,3490,2617,872,2026001023.0
1058.0,30272000000000.0,DANIEL VERA PENA,LO 3 EL PROGRESO,Rural,3540,2655,885,2026001024.0
1061.0,30275000000000.0,ELIETH CARVAJAL VERA,LO 2 LA ESMERALDA VDA CARABOBO,Rural,1640,1230,410,2026001027.0
1062.0,30276000000000.0,FREDY ALBEIRO CARVAJAL VERA,LO 3 LA CRISTALINA VDA CARABOBO,Rural,1640,1230,410,2026001028.0
1063.0,30277000000000.0,EUCLIDES CARVAJAL VERA,LO 4 LA FORTUNA VDA CARABOBO,Rural,1640,1230,410,2026001029.0
1064.0,30278000000000.0,ORLANDO PENA VEGA,LA CABANA LO 2 VDA CARABOBO,Rural,39720,29790,9930,2026001030.0
3900.0,30281000000000.0,ALEXANDER REYES CARVAJAL,EL PIEDRON LO No 2,Rural,15160,11370,3790,2026003731.0
3901.0,30282000000000.0,DORA XIMENA PEÑA ALARCON,EL MORTIÑO LO1,Rural,82725,66427,16297,2026003732.0
3903.0,30284000000000.0,MARINA PENA PENA,CHITALITO,Rural,105660,84525,21135,2026003734.0
3905.0,30286000000000.0,CARMEN NONA LOZANO CORREA,EL MORTINAL LO 1,Rural,720,540,180,2026003736.0
3906.0,30287000000000.0,ROSA ARMINDA LOZANO CORREA,LA MATELATA LO 2,Rural,710,532,177,2026003737.0
3907.0,30288000000000.0,MERCEDES LOZANO CORREA,LA PIEDRA DEL HORNO LO 3,Rural,720,540,180,2026003738.0
3908.0,30289000000000.0,LUZ MARINA ANAYA PADILLA,EL AMARILLAL LO 4,Rural,10220,7665,2555,2026003739.0
3909.0,30290000000000.0,CARMEN NONA LOZANO CORREA,LOS HORNITOS LO 5,Rural,10830,8122,2707,2026003740.0
3910.0,30291000000000.0,MERCEDES LOZANO CORREA,EL BOSQUE LO 6,Rural,17360,13020,4340,2026003741.0
3911.0,30292000000000.0,ROSA ARMINDA LOZANO CORREA,LA LAGUNETA LO 7,Rural,17380,13035,4345,2026003742.0
1065.0,40001000000000.0,EDGAR NORBERTO RAMIREZ CACERES,SAUZ VDA BARBULA,Rural,168080,142575,25505,2026001031.0
1067.0,40003000000000.0,CARLOS OMAR RAMIREZ CACERES,MESA DE CHICHALETA VDA BARBULA,Rural,67410,54367,13042,2026001033.0
1068.0,40004000000000.0,JAIME CES SANDOVAL GUERRERO,VICTORIA JUNCO ROSAL VDA BARBULA,Rural,167730,143032,24697,2026001034.0
1073.0,40013000000000.0,NESTOR GABRIEL TORRES NARANJO,CHICHALETA VDA. BARBULA,Rural,81905,69630,12275,2026001038.0
1074.0,40014000000000.0,NESTOR GABRIEL TORRES NARANJO,EL CUCHARAL VDA BARBULA,Rural,47605,39802,7802,2026001039.0
1075.0,40015000000000.0,NURY PALENCIA RANGEL,TEJAR,Rural,96165,85477,10687,2026001040.0
1078.0,40018000000000.0,ROSA TILIA MARTINEZ RAMIREZ,CHICHALETA,Rural,260305,219847,40457,2026001043.0
1079.0,40019000000000.0,LUZ AMANDA HERNANDEZ CARVAJAL,EL CUCHARITO VDA BARBULA,Rural,46640,44812,1827,2026001044.0
1081.0,40022000000000.0,JOSEFITO TARAZONA ROJAS,LOS TRIANGULOS VDA BARBULA,Rural,38040,35415,2625,2026001046.0
1085.0,40026000000000.0,EDILMA HERRERA RANGEL,LOS ALMENDROS VDA BARBULA,Rural,129475,108750,20725,2026001050.0
1087.0,40030000000000.0,LUZ MARINA LIZARAZO,EL CUCHARITO VDA BARBULA,Rural,13830,13829,0,2026001052.0
1089.0,40032000000000.0,HERNAN ORTIZ HORMIGA,EL CUCHARITO VDA BARBULA,Rural,86745,72390,14355,2026001054.0
1091.0,40036000000000.0,ANA SIXTA CALDERON ARENALES,TESORITO,Rural,12155,12154,0,2026001056.0
1092.0,40037000000000.0,ANA SIXTA CALDERON ARENALES,LA PRADERA VDA: BARBULA,Rural,171130,142642,28487,2026001057.0
1094.0,40039000000000.0,ORLANDO BORRERO DELGADO,EL RODEO,Rural,82640,76537,6102,2026001059.0
1095.0,40040000000000.0,JUAN JOSE BORRERO GOMEZ,EUCALIPTUS VDA: BARBULA,Rural,71905,57982,13922,2026001060.0
1097.0,40043000000000.0,LUIS DAVID MERCHAN MORENO,LA VICTORIA VDA BARBULA,Rural,127245,103537,23707,2026001062.0
1099.0,40045000000000.0,MARIA DEL SOCORRO SUC PALACIO,LA CUNA VDA BARBULA,Rural,31460,25380,6080,2026001063.0
1100.0,40046000000000.0,HEIDA MARINA RODRIGUEZ MERCHAN,FALDA DE PIEDRA CUARTELONES VDA BA,Rural,100670,83745,16925,2026001064.0
1101.0,40047000000000.0,LUIS DAVID MERCHAN MORENO,TOMA DE AGUA Y TRAPICHITO,Rural,32520,26917,5602,2026001065.0
1102.0,40048000000000.0,EDGAR MERCHAN MORENO,NARANJITOS Y RINCONADA,Rural,351525,288412,63112,2026001066.0
1106.0,40052000000000.0,RAMIRO BORRERO CALDERON,LA ESPERANZA,Rural,71220,58350,12870,2026001070.0
1110.0,40056000000000.0,JOSE ANTONIO BARAJAS MENDOZA,EL DERRAMADERO VDA BARBULA,Rural,359510,307432,52077,2026001074.0
1111.0,40057000000000.0,EDGAR NORBERTO RAMIREZ CACERES,POTRERO VDA BARBULA,Rural,166280,134115,32165,2026001075.0
1112.0,40058000000000.0,ALDEMAR VARGAS CANAS,BELLAVISTA,Rural,971705,795375,176330,2026001076.0
1113.0,40060000000000.0,FLOR ELVA MERCHAN BASTO,RASTROJO LOMA EL MEJICO,Rural,134825,108727,26097,2026001077.0
1116.0,40063000000000.0,JOSE ANTONIO BARAJAS MENDOZA,LA ESPERANZA VDA: BARBULA,Rural,62920,50745,12175,2026001079.0
1117.0,40064000000000.0,JOSE ANTONIO BARAJAS MENDOZA,EL TABLON Y TOMA DE AGUA VDA BARBU,Rural,359525,293370,66155,2026001080.0
1118.0,40065000000000.0,JULIO ERNESTO CES BARAJAS MENDEZ,TOMA DE AGUA LOS SITIOS VDA: BARB,Rural,57375,48495,8880,2026001081.0
1119.0,40066000000000.0,JULIO ERNESTO BARAJAS MENDEZ,TOMA DE AGUA,Rural,84270,69952,14317,2026001082.0
1120.0,40067000000000.0,JULIO ERNESTO BARAJAS MENDEZ,LA RASTRA VDA BARBULA,Rural,104350,84315,20035,2026001083.0
1121.0,40068000000000.0,HERMENEGILDA SUC BARAJAS,LOQUETAL,Rural,109285,95850,13435,2026001084.0
1122.0,40069000000000.0,JULIO ERNESTO CES BARAJAS MENDEZ,LOQUETAL,Rural,76890,63082,13807,2026001085.0
1123.0,40070000000000.0,JULIO ERNESTO BARAJAS MENDEZ,EL OJITO DE AGUA,Rural,104435,84382,20052,2026001086.0
1126.0,40073000000000.0,BLANCA OLIVA CARVAJAL CARVAJAL,RINCONCITO CHAMIZAL,Rural,441440,380542,60897,2026001089.0
1128.0,40075000000000.0,CELMIRA BARAJAS MENDEZ,YUCARIME VDA BARBULA,Rural,54155,49732,4422,2026001091.0
1129.0,40076000000000.0,VICTOR MANUEL BARAJAS MENDEZ,LA GAVIOTA CUCHARO VDA BARBULA,Rural,141350,124642,16707,2026001092.0
1130.0,40077000000000.0,ALVARO BORRERO SANTOS,TOMA DE AGUA VDA: BARBULA,Rural,243505,203805,39700,2026001093.0
1134.0,40081000000000.0,GLORIA ESTELA CALDERON CALDERON,HORNITOS,Rural,54075,48765,5310,2026001097.0
1136.0,40083000000000.0,JULIO ERNESTO BARAJAS MENDEZ,EL CORONO VDA: BARBULA,Rural,14715,12682,2032,2026001099.0
1137.0,40084000000000.0,TEODOMIRO CACERES BARAJAS,LOTE B VDA BARBULA,Rural,499960,408172,91787,2026001100.0
1138.0,40085000000000.0,JULIO ERNESTO BARAJAS MENDEZ,PILITAS VDA BARBULA,Rural,221075,175432,45642,2026001101.0
1141.0,40088000000000.0,FLOR MARIA GALVIS CACERES,EL FRAYLE,Rural,50,37,12,2026001104.0
1143.0,40090000000000.0,BLANCA OLIVA CARVAJAL CARVAJAL,CEDRILLAL,Rural,2370,1777,592,2026001106.0
1145.0,40092000000000.0,ILEANA MERCHAN DIAZ,LOS PINOS VDA BARBULA,Rural,281515,232102,49412,2026001108.0
1146.0,40093000000000.0,ILEANA MERCHAN DIAZ,CURIALITO VDA BARBULA,Rural,60405,51952,8452,2026001109.0
1147.0,40094000000000.0,JUAN PABLO MERCHAN MERCHAN,BUENAVISTA VDA BARBULA,Rural,169295,129622,39672,2026001110.0
1148.0,40095000000000.0,JUAN PABLO MERCHAN MERCHAN,CURIALITOS VDA BARBULA,Rural,269705,205110,64595,2026001111.0
1149.0,40096000000000.0,ANA ILBA GUTIERREZ VARGAS,EL CURIAL VDA BARBULA,Rural,129160,113145,16015,2026001112.0
1153.0,40102000000000.0,JUAN PABLO MERCHAN MERCHAN,EL CURIAL VDA BARBULA,Rural,129300,113355,15945,2026001115.0
1154.0,40104000000000.0,DANIEL EDUARDO BARAJAS MERCHAN,SANTO CRISTO O LA LAGUNA VDA BARBU,Rural,66065,53460,12605,2026001116.0
1155.0,40107000000000.0,JOSE ANTONIO BARAJAS MENDOZA,EL ENCANTO VDA BARBULA,Rural,26305,21870,4435,2026001117.0
1156.0,40108000000000.0,JOSE ANTONIO BARAJAS MENDOZA,LOS NARANJOS VDA BARBULA,Rural,43645,36517,7127,2026001118.0
1157.0,40109000000000.0,JOSE ANTONIO BARAJAS MENDOZA,LAS DELICIAS VDA BARBULA,Rural,21610,17527,4082,2026001119.0
1158.0,40110000000000.0,JOSE ANTONIO BARAJAS MENDOZA,LA ESPERANZA EL CONTENTO LA ESMERA,Rural,32435,27172,5262,2026001120.0
1160.0,40112000000000.0,LUZ MARINA MORALES SANABRIA,LOS PALMARES VDA BARBULA,Rural,16605,15270,1335,2026001122.0
1161.0,40113000000000.0,JOSE ANTONIO BARAJAS MENDOZA,SANTO CRISTO VDA BARBULA,Rural,18020,15105,2915,2026001123.0
1162.0,40115000000000.0,JOSE ANTONIO BARAJAS MENDOZA,SANTA HELENA VDA BARBULA,Rural,18020,15105,2915,2026001124.0
1163.0,40116000000000.0,JOSE ANTONIO BARAJAS MENDOZA,SANTO CRISTO VDA BARBULA,Rural,25230,21135,4095,2026001125.0
1164.0,40117000000000.0,JOSE ANTONIO BARAJAS MENDOZA,EL RECUERDO VDA BARBULA,Rural,18020,15105,2915,2026001126.0
1165.0,40118000000000.0,JOSE ANTONIO BARAJAS MENDOZA,LOS MANZANOS VDA BARBULA,Rural,32435,27172,5262,2026001127.0
1166.0,40119000000000.0,JOSE ANTONIO BARAJAS MENDOZA,MANZANARE VDA BARBULA,Rural,50460,42285,8175,2026001128.0
1167.0,40120000000000.0,MIGUEL SUC GALEANO HIGUERA,SAUZA,Rural,21625,18120,3505,2026001129.0
1168.0,40122000000000.0,JOSE ANTONIO BARAJAS MENDOZA,POTRERO DEL PINO VDA BARBULA,Rural,37320,36525,795,2026001130.0
1169.0,40123000000000.0,JULIO ERNESTO BARAJAS MENDEZ,ESPERANZA VDA: BARBULA,Rural,63105,56257,6847,2026001131.0
1170.0,40126000000000.0,IDELFONSO CES MANRIQUE ORTIZ,VISTA ALEGRE,Rural,66710,59272,7437,2026001132.0
1171.0,40127000000000.0,LEO DAN MARTINEZ VARGAS,LOS PINOS VDA BARBULA,Rural,309940,266392,43547,2026001133.0
1174.0,40130000000000.0,VICTOR MANUEL BARAJAS MENDEZ,QUEBRADAS VDA: BARBULA,Rural,28835,24157,4677,2026001136.0
1177.0,40133000000000.0,PABLO EMILIO JAIMES BOHADA,LOQUETAL Y EL CAJONCITO VDA: BAR,Rural,115335,96652,18682,2026001139.0
1180.0,40138000000000.0,CELMIRA BARAJAS MENDEZ,LAS QUEBRADAS VDA BARBULA,Rural,86080,76050,10030,2026001142.0
1188.0,40146000000000.0,MARINO CALDERON LOPEZ,LA LOMITA,Rural,69370,59790,9580,2026001150.0
1191.0,40149000000000.0,JOSE DEL CARMEN C MERCHAN PALACIO,CURIAL,Rural,31530,27172,4357,2026001153.0
1192.0,40150000000000.0,MARIA FRANCISCA GARCIA BARAJAS,GUAMITO,Rural,56600,46672,9927,2026001154.0
1193.0,40151000000000.0,ILEANA MERCHAN DIAZ,EL CURIALITO VDA BARBULA,Rural,97795,82830,14965,2026001155.0
1194.0,40152000000000.0,PASTORA TRIANA GARCIA,CURIALITO,Rural,84120,76275,7845,2026001156.0
1195.0,40153000000000.0,FLOR MARINA MERCHAN MERCHAN,CHISQUIS VDA BARBULA,Rural,305735,265972,39762,2026001157.0
1198.0,40158000000000.0,OBDULIO MERCHAN GONZALEZ,BELLAVISTA,Rural,69370,59790,9580,2026001160.0
1200.0,40161000000000.0,RENE RIOS CACERES,PALMA,Rural,13440,10080,3360,2026001162.0
1210.0,40171000000000.0,MARINO CALDERON LOPEZ,HOYA DEL CEDRO,Rural,83810,75435,8375,2026001172.0
1212.0,40173000000000.0,ELENA ORTIZ SANABRIA,TOBITO VDA BARBULA,Rural,109330,85140,24190,2026001174.0
1214.0,40176000000000.0,VICTORIA ESTHER CASTRO VALBUENA,CASA NUEVA LO 1 VDA BARBULA,Rural,17790,13342,4447,2026001176.0
1222.0,40184000000000.0,LUIS ALFREDO FLOREZ CACERES,LA ESMERALDA,Rural,33938,33937,0,2026004366.0
1225.0,40190000000000.0,ROBERTO GUTIERREZ GUTIERREZ,RANCHERIA VDA BARBULA,Rural,110705,91290,19415,2026001187.0
1226.0,40191000000000.0,NIDIA ESPERANZA CALDERON DURAN,LA CABANA,Rural,352030,309840,42190,2026001188.0
1230.0,40195000000000.0,GUSTAVO LIZARAZO JIMENEZ,PAN DE AZUCAR VDA: BARBULA,Rural,971985,883590,88395,2026001191.0
1231.0,40196000000000.0,ANGEL MARIA ORDUZ CALDERON,LA CUNA JABONAL VDA: BARBULA,Rural,199720,149790,49930,2026001192.0
1232.0,40197000000000.0,ANGEL MARIA ORDUZ CALDERON,LA PIEDRA DE LA SILLA,Rural,52250,39187,13062,2026001193.0
1233.0,40198000000000.0,LUIS DARIO CALDERON,EL HUMADERO VDA BARBULA,Rural,115090,103372,11717,2026001194.0
1234.0,40199000000000.0,DORIS ORTIZ GALVIS,EL TABLON VDA: BARBULA,Rural,127630,105225,22405,2026001195.0
1235.0,40200000000000.0,ALVARO ARIAS BOHORQUEZ,LAGUNITAS VDA: BARBULA,Rural,77860,72517,5342,2026001196.0
1236.0,40201000000000.0,HERNANDO CORREA PERAZA,EL RETIRO VDA BARBULA,Rural,580035,521002,59032,2026001197.0
1237.0,40202000000000.0,JAVIER CARDENAS CASTRO,MIRA FLOREZ VDA BARBULA,Rural,446825,337350,109475,2026001198.0
1238.0,40203000000000.0,AQUILINO CARDENAS CARVAJAL,VILLANUEVA VDA BARBULA,Rural,351580,268132,83447,2026001199.0
1244.0,40210000000000.0,RENE RIOS CACERES,MONTE NEGRO,Rural,4790,3592,1197,2026001205.0
1246.0,40212000000000.0,MARCO ALARCON SIERRA,MIRAFLOREZ VDA BARBULA,Rural,440090,330067,110022,2026001207.0
1249.0,40215000000000.0,ISIDRO SERAFIN JAIMES CORDERO,LOMA DE VIACA,Rural,21500,18135,3365,2026001210.0
1255.0,40221000000000.0,LUCILA BOHADA SANABRIA,LA LAGUNA,Rural,67880,60967,6912,2026001216.0
1256.0,40222000000000.0,JOSE ANTONIO BARAJAS MENDOZA,SANTO CRISTO LA LAGUNA VDA BARBULA,Rural,100915,84562,16352,2026001217.0
1258.0,40226000000000.0,ELIECER MANRIQUE RONDON,LECHEROS,Rural,82895,69472,13422,2026001219.0
1262.0,40230000000000.0,PABLO EMILIO JAIMES BOHADA,LAGUNITA Y MORAL,Rural,151375,126847,24527,2026001223.0
1266.0,40234000000000.0,JOSEFINA BOADA DE MENDEZ,BUENAVISTA LA MEZA VDA: BARBULA,Rural,108125,90600,17525,2026001227.0
1267.0,40235000000000.0,LUCILA CES BOHADA SANABRIA,LOS OJITOS DE AGUA,Rural,122540,102705,19835,2026001228.0
1269.0,40237000000000.0,LUIS MARTIN BOHADA BALLESTEROS,CAMPO ALEGRE VDA BARBULA,Rural,108125,90600,17525,2026001230.0
1271.0,40239000000000.0,JOSE DE JESUS SUC GUERRERO,MORAL,Rural,66443,66442,0,2026004390.0
1274.0,40242000000000.0,DORIS PEÑA PEÑA,EL MANZANO,Rural,56885,49402,7482,2026001235.0
1275.0,40243000000000.0,CARLOS JULIO JAIMES BARRIOS,EL MORAL VDA: BARBULA,Rural,127615,108270,19345,2026001236.0
1276.0,40245000000000.0,JUAN DE JESUS RONDON,EL RECUERDO LO 1 VDA BARBULA,Rural,41065,40155,910,2026001237.0
1277.0,40246000000000.0,CECILIA CALDERON,LA ERA LO 1 VDA BARBULA,Rural,86500,72472,14027,2026001238.0
1278.0,40247000000000.0,OMAR HERNANDO DUARTE RINCON,MORAL VDA BARBULA,Rural,32435,27172,5262,2026001239.0
1279.0,40248000000000.0,DORIS PEÑA PEÑA,EL MORAL VDA BARBULA,Rural,72085,60397,11687,2026001240.0
1280.0,40249000000000.0,NEBERTO CALDERON LOPEZ,EL MORALITO VDA BARBULA,Rural,47170,40822,6347,2026001241.0
1287.0,40258000000000.0,PABLO EMILIO JAIMES BOHADA,MIRADOR,Rural,81160,71385,9775,2026001247.0
1290.0,40261000000000.0,WILSON ALBERTO VEGA SILVA,MONTE REY VDA BARBULA,Rural,128365,111465,16900,2026001250.0
1291.0,40262000000000.0,GLADYS CACERES RINCON,DIAMANTE,Rural,68125,59100,9025,2026001251.0
1297.0,40268000000000.0,ANTONIO BOHADA CASTELLANOS,CUCHARO VDA BARBULA,Rural,50460,42285,8175,2026001257.0
1298.0,40269000000000.0,MARTHA DORIS BOHADA CASTELLANOS,LA LOMITA,Rural,28835,24157,4677,2026001258.0
1301.0,40272000000000.0,JOSE AGUSTIN GUERRERO ROJAS,LA LOMA DEL SORURO VDA BARBULA,Rural,64580,58027,6552,2026001261.0
1302.0,40273000000000.0,VIRGINIA MARTINEZ,SALADITO VDA BARBULA,Rural,90695,77812,12882,2026001262.0
1304.0,40275000000000.0,REINALDO SUAREZ GUTIERREZ,LAS SAUSAS VDA BARBULA,Rural,24470,21907,2562,2026001264.0
1308.0,40279000000000.0,ARGEMIRO MERCHAN FONSECA,LA HOYA DE LA VIACA VDA BARBULA,Rural,146965,134617,12347,2026001268.0
1312.0,40283000000000.0,PEDRO ELIAS GUERRERO,FINCA LA VIACA LO 1,Rural,80365,69585,10780,2026001272.0
1317.0,40288000000000.0,JORGE BASTO RODRIGUEZ,LLANO DE LA ROSA VDA: BARBULA,Rural,392285,372607,19677,2026001276.0
1322.0,40293000000000.0,ROSA SUC SIERRA ALARCON,POMARROSO,Rural,26415,24157,2257,2026001281.0
1323.0,40294000000000.0,GLADYS CES CARVAJAL ALARCON,LA VEGA,Rural,49125,44520,4605,2026001282.0
1324.0,40295000000000.0,ROSA SUC SIERRA ALARCON,VEGA DEL PLATANAL,Rural,50230,45885,4345,2026001283.0
1326.0,40297000000000.0,LUIS HERMES MANRIQUE JIMENEZ,EL PLATANAL VDA: BARBULA,Rural,355,307,47,2026001284.0
1327.0,40298000000000.0,JOSE LEONARDO MEJIA GONZALEZ,LA VEGA VDA BARBULA,Rural,8410,7252,1157,2026001285.0
1329.0,40301000000000.0,GLADYS CARVAJAL ALARCON,PLATANAL VDA: BARBULA,Rural,29090,26122,2967,2026001287.0
1331.0,40303000000000.0,ORLANDO HERNANDEZ BOLIVAR,PLATANAL VDA BARBULA,Rural,2100,1815,285,2026001289.0
1332.0,40304000000000.0,MILCIADES MANRIQUE CACERES,EL PLATANAL,Rural,92880,85230,7650,2026001290.0
1333.0,40305000000000.0,TIMOLEON GUERRERO ROJAS,LLANO DE LA ROSA VDA: BARBULA,Rural,283745,265470,18275,2026001291.0
1337.0,40310000000000.0,JOAQUIN CORREA NINO,LLANO DE LA ROSA VDA: BARBULA,Rural,24580,22282,2297,2026001295.0
1340.0,40313000000000.0,LUCILA BOHADA DE SANABRIA,LA HOYADA,Rural,43250,36247,7002,2026001298.0
1341.0,40314000000000.0,NEBERTO CALDERON LOPEZ,BALCONCITOS VDA: BARBULA,Rural,31800,26917,4882,2026001299.0
1343.0,40316000000000.0,SANDRA YOHANNA HERNANDEZ CORDERO,LA FALDA VDA BARBULA,Rural,96695,83355,13340,2026001301.0
1344.0,40317000000000.0,HENRY ARIAS,RODEO VDA BARBULA,Rural,89880,72472,17407,2026001302.0
1346.0,40320000000000.0,JOSE ANTONIO BARAJAS MENDOZA,LA LAGUNA VDA BARBULA,Rural,101115,81540,19575,2026001304.0
1348.0,40322000000000.0,MARIA CAMILA VARGAS FIGUEROA,BETANIA,Rural,179765,144967,34797,2026001306.0
1349.0,40323000000000.0,LUIS FRANCISCO RAMIREZ,LAS HUERTAS VDA BARBULA,Rural,108800,91207,17592,2026001307.0
1350.0,40324000000000.0,JOSE ADONAY VALBUENA RUIZ,EL ARRAYAN,Rural,9263,9262,0,2026004430.0
1352.0,40326000000000.0,LUIS FRANCISCO RAMIREZ,VARANDILLAS,Rural,42040,36247,5792,2026001309.0
1355.0,40329000000000.0,JUAN PABLO MERCHAN MERCHAN,LOMA CUBARIA VDA BARBULA,Rural,24280,18210,6070,2026001312.0
1356.0,40330000000000.0,ILDEFONSO MERCHAN MANRIQUE,EL PINO,Rural,22255,19912,2342,2026001313.0
1360.0,40335000000000.0,ANA OLINDA JAIMES IBANEZ,SITIO DE CACERES,Rural,390615,335662,54952,2026001317.0
1362.0,40337000000000.0,REINALDO SUAREZ GUTIERREZ,LAGUNETAS VDA BARBULA,Rural,10510,9060,1450,2026001319.0
1363.0,40338000000000.0,ISIDRO SANABRIA GUATE,LA ESPERANZA VDA: BARBULA,Rural,60700,53985,6715,2026001320.0
1370.0,40345000000000.0,CARLOS JULIO JAIMES BARRIOS,BELLAVISTA,Rural,35735,30817,4917,2026001327.0
1371.0,40346000000000.0,ANA MYRIAM FONSECA MERCHAN,HOYA DE VIACA,Rural,19815,18120,1695,2026001328.0
1372.0,40347000000000.0,ELIECER GUERRERO ROJAS,EL CHOCHO VDA: BARBULA,Rural,343015,288750,54265,2026001329.0
1376.0,40352000000000.0,AMELIA SANTIESTEBAN CALDERON,LA LOMA VDA BARBULA,Rural,108125,90600,17525,2026001333.0
1377.0,40353000000000.0,ANA MYRIAM CES FONSECA MERCHAN,EL YATAGO O LA SAUZA,Rural,14415,12075,2340,2026001334.0
1386.0,40364000000000.0,ELENA SANCHEZ SANCHEZ,LA AGUADA VDA BARBULA,Rural,6230,4672,1557,2026001342.0
1387.0,40365000000000.0,ALVARO BORRERO SANTOS,LA CUBIERTA VDA BARBULA,Rural,53930,43500,10430,2026001343.0
1388.0,40366000000000.0,MARIA EDILMA BASTO PIZA,EL NANE VDA BARBULA,Rural,357425,324877,32547,2026001344.0
1389.0,40368000000000.0,LUIS DARIO CALDERON,EL POTRERITO VDA: BARBULA,Rural,96520,89655,6865,2026001345.0
1394.0,40373000000000.0,ELENA SANCHEZ SANCHEZ,PENA COLORADA,Rural,4460,3345,1115,2026001350.0
1397.0,40376000000000.0,MARINO CALDERON LOPEZ,AGUADITA,Rural,62200,53505,8695,2026001353.0
1402.0,40381000000000.0,JORGE BASTO RODRIGUEZ,LOMA LINDA VDA: BARBULA,Rural,298210,259792,38417,2026001358.0
1403.0,40382000000000.0,MARTHA GUERRERO CALDERON,CASA DE TEJA,Rural,212330,185947,26382,2026001359.0
1404.0,40383000000000.0,MARTHA GUERRERO CALDERON,CAMPO HERMOSO,Rural,244355,223507,20847,2026001360.0
1406.0,40385000000000.0,LUIS ALBERTO CACERES CARVAJAL,LOS LIMOS,Rural,283985,259732,24252,2026001362.0
1407.0,40386000000000.0,HELENA GUERRERO CALDERON,LOS ALERCES,Rural,320010,281760,38250,2026001363.0
1408.0,40387000000000.0,HELENA GUERRERO CALDERON,EL NARANJO LOTE 1,Rural,197800,180907,16892,2026001364.0
1409.0,40388000000000.0,LUIS EVELIO GUTIERREZ BASTO,VISO O LAGUNITA VDA BARBULA,Rural,57165,51345,5820,2026001365.0
1416.0,40396000000000.0,VICKY JULIANA CORREA BALLESTEROS,BOSQUESITO VDA: BARBULA,Rural,50080,37560,12520,2026001372.0
1420.0,40401000000000.0,ELOISA FLOREZ TARAZONA,SANTO CRISTO,Rural,216025,177345,38680,2026001375.0
1422.0,40407000000000.0,JOSE ANTONIO BARAJAS MENDOZA,EL NARANJO MIRAMAR VDA BARBULA,Rural,129750,108735,21015,2026001377.0
1425.0,40410000000000.0,ANA MYRIAM VERA PENA,LOS NARANJOS,Rural,175650,143955,31695,2026001378.0
1427.0,40412000000000.0,ROSA MARIA ORDUZ ORTIZ,MESETA BONITA,Rural,107560,83932,23627,2026001380.0
1428.0,40416000000000.0,JOSE ANTONIO BARAJAS MENDOZA,EL ENCANTO VDA BARBULA,Rural,161110,134175,26935,2026001381.0
1431.0,40420000000000.0,CARLOS JULIO FLOREZ CACERES,CAMPO HERMOSO,Rural,163103,163102,0,2026004473.0
1432.0,40421000000000.0,ELCIDA CACERES BORRERO,JURADITO,Rural,269513,269512,0,2026004474.0
1433.0,40422000000000.0,TERESA CACERES CACERES,BALAGON,Rural,162205,133245,28960,2026001386.0
1438.0,40428000000000.0,GLADYS CECILIA RAMIREZ CALDERON,PLAN DE CHISCALAQUI,Rural,138365,120300,18065,2026001391.0
1440.0,40430000000000.0,ANA ISABEL BORRERO MORALES,EL LIMONCITO LO 1,Rural,43100,42150,950,2026001393.0
1442.0,40432000000000.0,LUIS FRANCISCO RAMIREZ,EL RUCIAL VDA: BARBULA,Rural,21020,18120,2900,2026001395.0
1446.0,40437000000000.0,ILEANA MERCHAN DIAZ,ARRAYANCITO VDA BARBULA,Rural,52550,45307,7242,2026001399.0
1450.0,40441000000000.0,FELIX MARIA ORTIZ BARAJAS,EL CUCHARAL VDA: BARBULA,Rural,89880,72472,17407,2026001403.0
1451.0,40442000000000.0,FELIX MARIA ORTIZ BARAJAS,LOTE DE TERRENO VDA BARBULA,Rural,1800,1455,345,2026001404.0
1452.0,40443000000000.0,FELIX MARIA BARAJAS ORTIZ,LOTE DE TERRENO VDA: BARBULA,Rural,9440,7620,1820,2026001405.0
1453.0,40444000000000.0,HECTOR VARGAS FLOREZ,UCRANIA VDA BARBULA,Rural,671625,581932,89692,2026001406.0
1456.0,40447000000000.0,DANIEL EDUARDO BARAJAS MERCHAN,EL NARANJITO-QUEBRADAS Y CHICHARRO,Rural,138010,118275,19735,2026001408.0
1461.0,40452000000000.0,JAVIER SANTIAGO CARVAJAL GUERRERO,LA VIACA VDA BARBULA,Rural,33100,28537,4562,2026001412.0
1465.0,40456000000000.0,LUZ AMANDA HERNANDEZ CARVAJAL,EL PINO VDA BARBULA,Rural,52885,43582,9302,2026001416.0
1469.0,40460000000000.0,MARLENY VERA JAIMES,EL SITIO VDA BARBULA,Rural,199670,170482,29187,2026001420.0
1470.0,40461000000000.0,WILSON HERNAN CACERES NINO,SAN JOSE LO 2 VDA BARBULA,Rural,486680,413325,73355,2026001421.0
1473.0,40464000000000.0,HENRY MENDEZ HERNANDEZ,BUENOS AIRES VDA BARBULA,Rural,98115,83602,14512,2026001424.0
1474.0,40465000000000.0,TIMOLEON GUERRERO ROJAS,LOS TANQUES VDA BARBULA,Rural,69305,59565,9740,2026001425.0
1475.0,40466000000000.0,MARGARITA GUERRERO ROJAS,LOS PORTONES VDA BARBULA,Rural,59035,50895,8140,2026001426.0
1476.0,40467000000000.0,DAVID ALEJANDRO CALDERON HIGUERA,EL JUNCO VDA BARBULA,Rural,90105,75517,14587,2026001427.0
1477.0,40468000000000.0,CARLOS JULIO JAIMES BARRIOS,EL UVO LO 2 VDA BARBULA,Rural,39645,33232,6412,2026001428.0
1478.0,40469000000000.0,ALVARO BORRERO SANTOS,CHOCARIME LO 2 VDA BARBULA,Rural,29445,25387,4057,2026001429.0
1479.0,40470000000000.0,JULIO ERNESTO BARAJAS MENDEZ,POTRERITO LO 2 VDA BARBULA,Rural,43250,36240,7010,2026001430.0
1480.0,40474000000000.0,LUDWING ARLEY ANAYA MENDEZ,LOS ROBLES VDA BARBULA,Rural,371285,315427,55857,2026001431.0
1481.0,40476000000000.0,VICTOR EDUARDO MERCHAN CASTRO,EL CARBON LOTE 2,Rural,15260,11445,3815,2026001432.0
1482.0,40477000000000.0,ISABEL CASTRO VALBUENA,TREMENTINO LO 3 VDA BARBULA,Rural,17790,13342,4447,2026001433.0
1484.0,40479000000000.0,AMINTA BASTO SANABRIA,EL ARRAYAN LO 3 VDA BARBULA,Rural,42640,36750,5890,2026001435.0
1486.0,40481000000000.0,TEMILDA BAUTISTA RONDON,ALTOS DE LA SIERRA LO 3 VDA BARBUL,Rural,40590,35070,5520,2026001437.0
1487.0,40482000000000.0,ADELA RONDON MANRIQUE,MI RANCHITO LO 4 VDA BARBULA,Rural,380,285,95,2026001438.0
1488.0,40483000000000.0,WILSON MANRIQUE RONDON,EL SAGAMAL LO 5 VDA BARBULA,Rural,400,300,100,2026001439.0
1489.0,40484000000000.0,CESAR MANRIQUE RONDON,QUIVITA LO 6 VDA BARBULA,Rural,450,337,112,2026001440.0
1490.0,40485000000000.0,ELIECER MANRIQUE RONDON,EL URAPAN LO 7 VDA BARBULA,Rural,480,360,120,2026001441.0
1491.0,40486000000000.0,PEDRO JOSE JAIMES BARRIOS,FINCA EL ESTABLO LO 2,Rural,85355,71527,13827,2026001442.0
1492.0,40487000000000.0,ELIAS GUERRERO PEDRO,FINCA EL TOCHE LO 3,Rural,91695,76837,14857,2026001443.0
1493.0,40488000000000.0,JESUS GUERRERO CACERES CARLOS,FINCA EL PLAN LO 4,Rural,64433,64432,0,2026004501.0
1494.0,40489000000000.0,MARCOLINO GUERRERO CACERES,FINCA EL TABLON LO 5,Rural,113065,94740,18325,2026001445.0
1495.0,40490000000000.0,ELIAS GUERRERO PEDRO,FINCA EL BOSQUE LO 6,Rural,129320,110175,19145,2026001446.0
4035.0,40493000000000.0,CLAUDIA MERCEDES QUINTERO GUERRERO,EL RENACER LOTE 2,Rural,198125,181215,16910,2026003855.0
4036.0,40494000000000.0,EDINSON ARLEY MERCHAN CASTRO,MESETA SOLA LOTE 1,Rural,13960,10470,3490,2026003856.0
1499.0,50007000000000.0,ALIRIO MENESES QUINTERO,LAS LAJAS VDA AYACUCHO,Rural,46645,40447,6197,2026001450.0
1500.0,50008000000000.0,OLIMPO ARCHILA VARGAS,LA LAJITA VDA AYACUCHO,Rural,67265,57982,9282,2026001451.0
1501.0,50010000000000.0,ALIRIO MENESES QUINTERO,EL GACALITO VDA AYACUCHO,Rural,58640,52920,5720,2026001452.0
1503.0,50012000000000.0,HUMBERTO MENESES QUINTERO,LOQUETAL VDA AYACUCHO,Rural,23125,19920,3205,2026001454.0
1504.0,50013000000000.0,RAUL GAMBOA ROA,GUARIN VDA AYACUCHO,Rural,16815,14490,2325,2026001455.0
1505.0,50014000000000.0,HUMBERTO MENESES QUINTERO,FINCA LA CASCADA,Rural,55680,49860,5820,2026001456.0
1506.0,50015000000000.0,RAUL GAMBOA ROA,GUARIN VDA AYACUCHO,Rural,285475,247087,38387,2026001457.0
1508.0,50017000000000.0,RAUL GAMBOA ROA,LA AGUADA VDA AYACUCHO,Rural,4205,3622,582,2026001459.0
1510.0,50019000000000.0,SEBASTIANA SUC BARAJAS,GUARIN,Rural,13460,12112,1347,2026001461.0
1513.0,50022000000000.0,GERMAN HERNANDO FLOREZ VILLAMIZAR,EUCALIPTUS VDA AYACUCHO,Rural,15380,13575,1805,2026001464.0
1514.0,50024000000000.0,SUSANA BARAJAS CASTELLANOS,AGUA BLANCA VDA: AYACUCHO,Rural,36025,31897,4127,2026001465.0
1522.0,50033000000000.0,JORGE ELIECER RAMIREZ REYES,LOS NARANJOS VDA AYACUCHO,Rural,240,180,60,2026001473.0
1523.0,50034000000000.0,WILSON HEBER ORTIZ BARAJAS,VEGA DEL VOLADOR O VEGA DE LOS CUR,Rural,2340,1755,585,2026001474.0
1527.0,50038000000000.0,FEDERICO CES REYES CARVAJAL,CASCAJAL VDA: AYACUCHO,Rural,31875,28462,3412,2026001478.0
1528.0,50040000000000.0,ANA VICTORIA ORDUZ REYES,HUERTA - LA FALDA,Rural,1600,1200,400,2026001479.0
1531.0,50043000000000.0,MARGARITA CARVAJAL MEJIA,EL MORTINITO VDA AYACUCHO,Rural,106325,84000,22325,2026001482.0
1539.0,50051000000000.0,RAFAEL FRANCISCO MARTINEZ FLOREZ,AGUA BLANCA,Rural,137805,119415,18390,2026001490.0
1541.0,50053000000000.0,ELODIA TAMI FLOREZ,LOS PINOS,Rural,125063,125062,0,2026004530.0
1542.0,50054000000000.0,NATALIA SUC SIERRA,SALADITOS VDA AYACUCHO,Rural,47570,43552,4017,2026001493.0
1543.0,50055000000000.0,LUIS HIGINIO CACERES GUERRERO,EL SALADITO VDA: AYACUCHO,Rural,65215,60217,4997,2026001494.0
1545.0,50057000000000.0,EDGAR CES BASRO ALBARRACIN,EL BARRANCO VDA AYACUCHO,Rural,22455,20812,1642,2026001496.0
1546.0,50058000000000.0,LUIS CES BASTO,BARRANCO,Rural,63360,61005,2355,2026001497.0
1547.0,50059000000000.0,PAULA ALVARADO FLOREZ,PANTANO,Rural,126950,95212,31737,2026001498.0
1550.0,50062000000000.0,MARCOS ANTOLINEZ WILCHES,LA YERBABUENA VDA AYACUCHO,Rural,76735,69345,7390,2026001501.0
1552.0,50064000000000.0,RICARDO TORRES PEREZ,LA RINCONADA VDA AYACUCHO,Rural,102745,88042,14702,2026001503.0
1553.0,50065000000000.0,ELBERTH JAIMES ALVARADO,MESA DE CORRAL DE PENA VDA AYACUCH,Rural,2560,1920,640,2026001504.0
1554.0,50066000000000.0,GABRIEL SALAZAR BASTO,EL GUAMAL VDA AYACUCHO,Rural,127860,103777,24082,2026001505.0
1555.0,50067000000000.0,MARIO VERA,EL PLAN,Rural,124335,101280,23055,2026001506.0
1557.0,50070000000000.0,TILCIA PEREZ GARCIA,EL PEDREGAL PALOVERDE VDA: AYACU,Rural,25770,19327,6442,2026001508.0
1558.0,50071000000000.0,TILCIA PEREZ GARCIA,PALO VERDE VDA: AYACUCHO,Rural,34065,26632,7432,2026001509.0
1559.0,50072000000000.0,BLANCA NUBIA CARVAJAL PEREZ,PALO VERDE VDA AYACUCHO,Rural,22540,16905,5635,2026001510.0
1560.0,50073000000000.0,ARQUIMEDES-SUC MARTINEZ,PALO VERDE,Rural,6450,4837,1612,2026001511.0
1562.0,50076000000000.0,JAIRO CARVAJAL PEREZ,LLANO LARGO,Rural,63600,47700,15900,2026001513.0
1563.0,50077000000000.0,FRANKIN GARCIA PEREZ,EL ARRAYANCITO,Rural,95505,73282,22222,2026001514.0
1564.0,50078000000000.0,TILCIA PEREZ GARCIA,PIEDRA BLANCA,Rural,56380,42285,14095,2026001515.0
1566.0,50080000000000.0,JAIME PEREZ CALDERON,LOS GUAMOS VDA AYACUCHO,Rural,24500,18375,6125,2026001516.0
1570.0,50086000000000.0,JOSE DE LA CRUZ SUC SUAREZ,LA AGUADITA,Rural,38585,29145,9440,2026001520.0
1571.0,50087000000000.0,PASTOR PEREZ MARTINEZ,LOS GUAMOS VDA: AYACUCHO,Rural,36390,27292,9097,2026001521.0
1572.0,50088000000000.0,CARMEN CECILIA PEREZ CALDERON,EL SARNO,Rural,34140,25605,8535,2026001522.0
1573.0,50089000000000.0,PASTOR PEREZ MARTINEZ,LA TIRA VDA: AYACUCHO,Rural,35440,26580,8860,2026001523.0
1575.0,50091000000000.0,JAIME PEREZ CALDERON,CANA BRAVA VDA: AYACUCHO,Rural,30280,23340,6940,2026001525.0
1576.0,50092000000000.0,JAIME PEREZ CALDERON,CAÑA BRAVA,Rural,46940,35205,11735,2026001526.0
1577.0,50093000000000.0,RODRIGO CES SUAREZ,LOMA DE TULI,Rural,50870,38152,12717,2026001527.0
1578.0,50094000000000.0,HELIBERTO REYES CARVAJAL,EL RUCHICAL VDA: AYACUCHO,Rural,7530,5647,1882,2026001528.0
1583.0,50099000000000.0,ISRAEL DARIO RODRIGUEZ SANCHEZ,LA HUERTA DE LA HIGUERA,Rural,43530,38730,4800,2026001532.0
1586.0,50102000000000.0,OMAR NICOLAS CARCAMO PILONIETA,LA LLANADA VDA: AYACUCHO,Rural,128725,97740,30985,2026001535.0
1587.0,50106000000000.0,FEDERICO REYES CARVAJAL,PALO SECO,Rural,84240,69412,14827,2026001536.0
1589.0,50108000000000.0,BENEDICTO SUC BARAJAS CARVAJAL,MONTE OSCURO,Rural,11600,8700,2900,2026001538.0
1590.0,50109000000000.0,TRINIDAD CES SIERRA CARVAJAL,MONTE OSCURO,Rural,59140,44355,14785,2026001539.0
1595.0,50114000000000.0,MARGARITA CALDERON CARVAJAL,LOMA DEL GUAMAL,Rural,75070,56302,18767,2026001544.0
1596.0,50115000000000.0,ROSA FLORINDA CES PEREZ CARDENAS,LOS SAUSITOS VDA AYACUCHO,Rural,65610,50692,14917,2026001545.0
1599.0,50118000000000.0,RODRIGO SUAREZ,EL DIVIDIVE,Rural,67770,50827,16942,2026001548.0
1600.0,50119000000000.0,JAIRO CARVAJAL PEREZ,LOS CORRALES VDA: AYACUCHO,Rural,57040,52567,4472,2026001549.0
1605.0,50124000000000.0,HENRY ALEXANDER BARAJAS ACELAS,LAGUNETA VDA AYACUCHO,Rural,77065,66465,10600,2026001554.0
1606.0,50125000000000.0,ANGEL TEODORO CACERES BORRERO,BERLIN VDA AYACUCHO,Rural,27325,23550,3775,2026001555.0
1607.0,50126000000000.0,ANGEL TEODORO CACERES BORRERO,EL TAMBOR VDA AYACUCHO,Rural,31010,30180,830,2026001556.0
1608.0,50127000000000.0,HENRY ALEXANDER BARAJAS ACELAS,LOS LACHES BUENOS AIRES EL CHICHAR,Rural,751280,635557,115722,2026001557.0
1609.0,50128000000000.0,EMILIA CES BARAJAS PINTO,LOS LACHES VDA: AYACUCHO,Rural,266960,211635,55325,2026001558.0
1610.0,50129000000000.0,ANA ELIA SEPULVEDA NINO,LOS LACHES VDA AYACUCHO,Rural,90795,78262,12532,2026001559.0
1611.0,50130000000000.0,VICTOR CES SEPULVEDA NINO,LOS LACHES VDA. AYACUCHO,Rural,56755,48945,7810,2026001560.0
1613.0,50132000000000.0,EXPEDITO BORRERO MERCHAN,LAS MESETAS,Rural,76208,76207,0,2026004557.0
1615.0,50134000000000.0,HERNAN ALONSO CALDERON CALDERON,EL DIVIDIVE,Rural,168865,148507,20357,2026001564.0
1616.0,50136000000000.0,GLORIA ESTELA CALDERON CALDERON,LAS MESETAS EL UVO VDA AYACUCHO,Rural,131835,117412,14422,2026001565.0
1617.0,50137000000000.0,JOSE DE LA CRUZ SEPULVEDA REYES,EL SORURO VDA: AYACUCHO,Rural,8630,8629,0,2026001566.0
1618.0,50138000000000.0,VICTOR CES SEPULVEDA NINO,LA CUNA VDA: AYACUCHO,Rural,10450,8752,1697,2026001567.0
1619.0,50140000000000.0,VICTOR SEPULVEDA NINO,LA CUNA,Rural,3605,3022,582,2026001568.0
1622.0,50144000000000.0,UBALDINA CALDERON REYES,PALONEGRO VDA: AYACUCHO,Rural,55240,42742,12497,2026001571.0
1623.0,50145000000000.0,UBALDINA CALDERON DE REYES,PALONEGRO,Rural,29230,23662,5567,2026001572.0
1624.0,50146000000000.0,NOHEMI ACELAS CAMACHO,ALTAMIRA,Rural,55835,44467,11367,2026001573.0
1625.0,50147000000000.0,AURA MEJIA PADILLA,ALTAMIRA,Rural,29545,22402,7142,2026001574.0
1628.0,50150000000000.0,LUIS ALBERTO REYES PINTO,LA TIRA,Rural,2350,1942,407,2026001577.0
1630.0,50153000000000.0,HELIBERTO CES REYES CARVAJAL,EL VISO VDA: AYACUCHO,Rural,35900,26925,8975,2026001579.0
1632.0,50155000000000.0,PAULA CARVAJAL MENDOZA,EL POCHE VDA AYACUCHO,Rural,142555,107220,35335,2026001581.0
1633.0,50156000000000.0,ARELIS CES PEREZ CALDERON,EL BEBEDERO VDA: AYACUCHO,Rural,32370,24892,7477,2026001582.0
1636.0,50159000000000.0,MARGARITA CES CALDERON CARVAJAL,LA HOYADA,Rural,34140,25605,8535,2026001585.0
1637.0,50160000000000.0,ROSALBINA MANRIQUE SUAREZ,LA COPA VDA. AYACUCHO,Rural,56255,50475,5780,2026001586.0
1639.0,50162000000000.0,RODRIGO SUAREZ,EL POCHE,Rural,40580,30435,10145,2026001588.0
1641.0,50166000000000.0,ISIDORO REYES GOMEZ,PIEDRA BLANCA VDA AYACUCHO,Rural,17060,12795,4265,2026001590.0
1642.0,50167000000000.0,GREGORIO CARVAJAL,PIEDRA BLANCA VDA AYACUCHO,Rural,16100,12075,4025,2026001591.0
1643.0,50168000000000.0,JORGE ELIECER PEREZ CALDERON,LA SAUZA,Rural,29000,21750,7250,2026001592.0
1645.0,50170000000000.0,RUBEN REYES CARVAJAL,SORURO EL LOQUETO VDA. AYACUCHO,Rural,71830,53872,17957,2026001594.0
1646.0,50171000000000.0,RUBEN REYES CARVAJAL,HUERTA CHIQUITA VDA. AYACUCHO,Rural,11600,8700,2900,2026001595.0
1647.0,50172000000000.0,CARLOS JULIO JAIMES BARRIOS,LOMITAS Y MONTE ESPESO VDA AYACUCH,Rural,64450,48337,16112,2026001596.0
1649.0,50174000000000.0,LUIS ALBERTO CES REYES PINTO,EL CARRETERO EL TUNO VDA: AYACUCH,Rural,22540,16905,5635,2026001598.0
1651.0,50177000000000.0,LUIS ALBERTO REYES PINTO,EL MANZANO SANTA LELENA,Rural,122055,95692,26362,2026001600.0
1653.0,50179000000000.0,MARTHA CECILIA REYES REYES,LA SAUZA VDA: AYACUCHO,Rural,64450,48337,16112,2026001602.0
1655.0,50182000000000.0,BENEDICTO SUC BARAJAS CARVAJAL,EL BANQUITO NARANJITO LA FALDA CAS,Rural,125370,108090,17280,2026001604.0
1656.0,50183000000000.0,ALVARO BARAJAS FLOREZ,GAVILAN VDA AYACUCHO,Rural,171925,147330,24595,2026001605.0
1664.0,50192000000000.0,FREDY CACERES BORRERO,ALTAMIZAL VDA AYACUCHO,Rural,62320,53775,8545,2026001613.0
1667.0,50196000000000.0,FREDY CACERES BORRERO,LOS GAQUES LO 1,Rural,27060,24165,2895,2026001616.0
1672.0,50201000000000.0,HENRY ALEXANDER BARAJAS ACELAS,BUENAVISTA VDA AYACUCHO,Rural,129895,115972,13922,2026001621.0
1673.0,50202000000000.0,TITO ORLANDO BARAJAS ACELAS,LOMITAS Y LOQUETO VDA AYACUCHO,Rural,27060,24157,2902,2026001622.0
1675.0,50204000000000.0,CLEMENTE BORRERO ANGARITA,LAMELIS,Rural,42015,36802,5212,2026001624.0
1676.0,50205000000000.0,CLEMENTE BORRERO ANGARITA,GUARIN # 3 VDA AYACUCHO,Rural,43300,38647,4652,2026001625.0
1677.0,50208000000000.0,RITA EDILSA ORTIZ BARAJAS,EL EUCALIPTUS VDA: AYACUCHO,Rural,29430,25380,4050,2026001626.0
1678.0,50209000000000.0,GRACIELA BORRERO ANGARITA,GUARIN VDA AYACUCHO,Rural,86185,74295,11890,2026001627.0
1682.0,50215000000000.0,DELFINA CES ORTIZ SANABRIA,EL UVO VDA AYACUCHO,Rural,68860,60307,8552,2026001631.0
1684.0,50217000000000.0,ALVARO BORRERO SANTOS,LOMA DE LA CRUZ VDA AYACUCHO,Rural,12615,10867,1747,2026001633.0
1685.0,50218000000000.0,RODRIGO CALDERON SANCHEZ,EL GRANADO,Rural,75515,67125,8390,2026001634.0
1686.0,50219000000000.0,VICTOR MANUEL BARAJAS MENDEZ,EL ALTAMIZAL VDA: AYACUCHO,Rural,37840,32617,5222,2026001635.0
1690.0,50223000000000.0,ANA HILDA ROJAS ROSALES,EUCALIPTUS VDA AYACUCHO,Rural,98870,79740,19130,2026001639.0
1691.0,50224000000000.0,JOSE DE LA CRUZ SUC SUAREZ,LA CASITA,Rural,16100,12075,4025,2026001640.0
1693.0,50226000000000.0,FREDY CACERES BORRERO,EL OJITO VDA AYACUCHO,Rural,97055,80775,16280,2026001642.0
1695.0,50228000000000.0,GILBERTO CES CACERES,OLATANQUE VDA: AYACUCHO,Rural,126100,102555,23545,2026001644.0
1696.0,50229000000000.0,JORGE AUDEL MARTINEZ,OLATANQUE VDA AYACUCHO,Rural,50280,44505,5775,2026001645.0
1697.0,50230000000000.0,GILBERTO CACERES,MOSCU MANZANOS CASCAJAL VDA: AYAC,Rural,134825,108735,26090,2026001646.0
1698.0,50232000000000.0,JOSE MARIA BORRERO ANGARITA,OLATANQUE,Rural,13480,10867,2612,2026001647.0
1699.0,50233000000000.0,GILBERTO CACERES,OLATANQUE,Rural,112355,90600,21755,2026001648.0
1700.0,50234000000000.0,MARIA DE JESUS PEREZ HERNANDEZ,EL VERGEL VDA AYACUCHO,Rural,110325,92295,18030,2026001649.0
1703.0,50238000000000.0,HELIBERTO REYES CARVAJAL,EL CARRACA VDA AYACUCHO,Rural,26770,20077,6692,2026001651.0
1705.0,50240000000000.0,JAIME PEREZ CALDERON,LA HOYADA VDA AYACUCHO,Rural,32210,24157,8052,2026001653.0
1707.0,50242000000000.0,DUMAR LEONAR BAUTISTA CASTELLANOS,LA ESMERALDA VDA: AYACUCHO,Rural,97395,89377,8017,2026001655.0
1708.0,50243000000000.0,OMAR MERCHAN MORENO,TERRENO,Rural,42280,34230,8050,2026001656.0
1709.0,50244000000000.0,ALVARO BARAJAS FLOREZ,LOS MONTECITOS VDA AYACUCHO,Rural,68025,57157,10867,2026001657.0
1710.0,50245000000000.0,ALVARO BARAJAS FLOREZ,EL CASCAJAL VDA AYACUCHO,Rural,50665,43680,6985,2026001658.0
1712.0,50247000000000.0,ISIDORO REYES GOMEZ,PALO SECO,Rural,29930,25515,4415,2026001660.0
1713.0,50248000000000.0,RAMON CES VILLAMIZAR,EL ATICO VDA. AYACUCHO,Rural,17590,15705,1885,2026001661.0
1714.0,50249000000000.0,FRANKIN GARCIA PEREZ,BUENOS AIRES,Rural,7420,5565,1855,2026001662.0
1715.0,50250000000000.0,EXPEDITO BORRERO MERCHAN,LA CUADRA VDA. AYACUCHO,Rural,54368,54367,0,2026004601.0
1722.0,50257000000000.0,ARELIS PEREZ CALDERON,PALO VERDE,Rural,42445,33120,9325,2026001670.0
1723.0,50258000000000.0,GLADYS MARIA JAIME,LA ESMERALDA VDA AYACUCHO,Rural,14245,13162,1082,2026001671.0
1728.0,50263000000000.0,HELIBERTO REYES CARVAJAL,EL CAJON VDA: AYACUCHO,Rural,16910,12682,4227,2026001676.0
1729.0,50264000000000.0,HELIBERTO REYES CARVAJAL,PILITAS VDA: AYACUCHO,Rural,22540,16905,5635,2026001677.0
1732.0,50269000000000.0,DIOCELINA GONZALEZ TORRES,EL MORTINO VDA AYACUCHO,Rural,27200,20400,6800,2026001680.0
1733.0,50270000000000.0,ELBERTH JAIMES ALVARADO,LA AGUADITA VDA AYACUCHO,Rural,35680,26760,8920,2026001681.0
1737.0,50274000000000.0,SUSANA BARAJAS CASTELLANOS,EL CASCAJAL VDA AYACUCHO,Rural,23145,20137,3007,2026001684.0
1738.0,50275000000000.0,SUSANA BARAJAS CASTELLANOS,EL CASCAJAL VDA: AYACUCHO,Rural,16960,14377,2582,2026001685.0
1739.0,50276000000000.0,RITA EDILSA ORTIZ BARAJAS,GUARIN VDA: AYACUCHO,Rural,12615,10867,1747,2026001686.0
1740.0,50277000000000.0,RITA EDILSA ORTIZ BARAJAS,GUARIN VDA: AYACUCHO,Rural,14715,12682,2032,2026001687.0
1741.0,50278000000000.0,RITA EDILSA ORTIZ BARAJAS,GUARIN VDA: AYACUCHO,Rural,8410,7252,1157,2026001688.0
1742.0,50279000000000.0,RAUL CACERES BORRERO,CANABRAVO VDA AYACUCHO,Rural,13480,10867,2612,2026001689.0
1744.0,50282000000000.0,PEDRO JULIO TARAZONA ORTIZ,SAN PEDRO SIVERIA CASCAJAL VDA AYA,Rural,140175,120705,19470,2026001691.0
1746.0,50284000000000.0,LUIS ALFREDO ANTOLINEZ WILCHES,LA ESPERANZA VDA: AYACUCHO,Rural,28835,24157,4677,2026001693.0
1747.0,50285000000000.0,GILBERTO CACERES,EL CUADRITO,Rural,125195,110400,14795,2026001694.0
1748.0,50286000000000.0,GILBERTO CACERES,EL CUADRITO,Rural,44940,36247,8692,2026001695.0
1749.0,50287000000000.0,GILBERTO CACERES,EL NARANJITO Y LAS LAJAS,Rural,58215,48517,9697,2026001696.0
1750.0,50289000000000.0,EDILBERTO CARVAJAL CALDERON,TERRENO VDA AYACUCHO,Rural,58105,50370,7735,2026001697.0
1751.0,50290000000000.0,RITA EDILSA ORTIZ BARAJAS,GUARIN VDA: AYACUCHO,Rural,56755,48945,7810,2026001698.0
1752.0,50291000000000.0,RITA EDILSA ORTIZ BARAJAS,LOMA REDONDA Y CASCAJAL VDA AYACUC,Rural,44095,38017,6077,2026001699.0
1753.0,50292000000000.0,PASTOR PEREZ MARTINEZ,LA MESETA,Rural,45110,33832,11277,2026001700.0
1754.0,50293000000000.0,ARELIS CES PEREZ CALDERON,PALO VERDE EL POCHE VDA: AYACUCHO,Rural,54750,41062,13687,2026001701.0
1755.0,50294000000000.0,ISIDORO REYES GOMEZ,MONTE OSCURO,Rural,730,547,182,2026001702.0
1756.0,50295000000000.0,ISIDORO REYES GOMEZ,PALO SECO O MONTE OSCURO,Rural,7880,6405,1475,2026001703.0
1759.0,50298000000000.0,EXPEDITO BORRERO MERCHAN,POTRERITO,Rural,21173,21172,0,2026004619.0
1760.0,50299000000000.0,ALVARO CES REYES,EL NARANJITO VDA: AYACUCHO,Rural,46330,38152,8177,2026001707.0
1762.0,50301000000000.0,FEDERICO REYES CARVAJAL,PIEDRA NEGRA VDA: AYACUCHO,Rural,29000,21750,7250,2026001709.0
1763.0,50302000000000.0,FEDERICO REYES CARVAJAL,SAGAMITO VDA: AYACUCHO,Rural,25770,19327,6442,2026001710.0
1764.0,50303000000000.0,LUIS ALFREDO ANTOLINEZ WILCHES,EL ARRAYAN,Rural,104200,89355,14845,2026001711.0
1766.0,50305000000000.0,FEDERICO CES REYES CARVAJAL,EL UVO VDA: AYACUCHO,Rural,32210,24157,8052,2026001713.0
1772.0,50311000000000.0,BONIFACIO SIERRA VERA,PALO VERDE VDA AYACUCHO,Rural,72490,54367,18122,2026001719.0
1776.0,50315000000000.0,GILBERTO CACERES,EL UVO VDA: AYACUCHO,Rural,50615,40987,9627,2026001723.0
1777.0,50316000000000.0,ROSINDA MARTINEZ ANTOLINEZ,LOTE DE TERRENO VDA: AYACUCHO,Rural,34460,26902,7557,2026001724.0
1780.0,50319000000000.0,ALICIA SEPULVEDA NINO,EL TOBO VDA: AYACUCHO,Rural,59360,56842,2517,2026001727.0
1781.0,50320000000000.0,ROSA MARY SEPULVEDA NINO,EL HOJARASCO VDA: AYACUCHO,Rural,31005,26730,4275,2026001728.0
1784.0,50323000000000.0,CLIMACO TORRES IBANEZ,EL CALAGO VDA AYACUCHO,Rural,12675,10432,2242,2026001731.0
1785.0,50324000000000.0,FREDY CACERES BORRERO,EL NARANJO VDA AYACUCHO,Rural,78765,70080,8685,2026001732.0
1786.0,50325000000000.0,FREDY CACERES BORRERO,EL CUCHARO VDA AYACUCHO,Rural,35055,30847,4207,2026001733.0
1790.0,50329000000000.0,JORGE ALIRIO ANTOLINEZ WILCHES,PIEDRA DEL VENADO VDA AYACUCHO,Rural,44660,42000,2660,2026001737.0
1792.0,50331000000000.0,CLEMENTE BORRERO ANGARITA,SANTAFE LO 2,Rural,57220,49995,7225,2026001739.0
1793.0,50332000000000.0,SANDRA YANETH PEDRAZA FLOREZ,EL GUAMO,Rural,21020,18120,2900,2026001740.0
1794.0,50333000000000.0,HUMBERTO MENESES QUINTERO,FINCA LA LOMITA,Rural,10510,9045,1465,2026001741.0
1795.0,50334000000000.0,ALIRIO MENESES QUINTERO,LO 2 EL MIRADOR,Rural,43305,37327,5977,2026001742.0
1796.0,60001000000000.0,VICTOR MANUEL ALVARADO ORTIZ,MALPASO VDA BOMBONA,Rural,17670,14542,3127,2026001743.0
1798.0,60003000000000.0,LUIS ANTONIO BELLO RINCON,EL CAJON VDA BOMBONA,Rural,30825,25545,5280,2026001745.0
1799.0,60004000000000.0,IMELDA OLEJUA DELGADO,EL CEDRO,Rural,28795,24135,4660,2026001746.0
1800.0,60005000000000.0,RAFAEL DELGADO ORTIZ,CASA DEL LLANO VDA: BOMBONA,Rural,18020,15105,2915,2026001747.0
1801.0,60006000000000.0,BENILDA NINO BASTO,EL CEDRO VDA: BOMBONA,Rural,17150,14370,2780,2026001748.0
1802.0,60007000000000.0,RAFAEL DELGADO ORTIZ,EL PANTANO,Rural,24455,21607,2847,2026001749.0
1803.0,60008000000000.0,ALEJANDRO REYES JURADO FELIPE,LA LLANADA VDA: BOMBONA,Rural,125490,106957,18532,2026001750.0
1804.0,60009000000000.0,FORTUNATO DELGADO ORTIZ,LA FALDA VDA BOMBONA,Rural,41820,35182,6637,2026001751.0
1805.0,60010000000000.0,IMELDA OLEJUA DELGADO,MORTINO-ADOROTE,Rural,54173,54172,0,2026004639.0
1808.0,60013000000000.0,FELIPE ALEJANDRO REYES JURADO,EL PANTANITO VDA: BOMBONA,Rural,8645,8632,12,2026001755.0
1811.0,60016000000000.0,FELIPE ALEJANDRO CES REYES JURADO,LA MESETA Y HOJA BLANCA VDA: BOMB,Rural,13950,11692,2257,2026001758.0
1815.0,60020000000000.0,LUIS ANTONIO BELLO RINCON,MORTINO LA AGUADA,Rural,11980,10042,1937,2026001762.0
1816.0,60021000000000.0,LUIS ANTONIO BELLO RINCON,EL CUCHARO VDA BOMBONA,Rural,21645,18135,3510,2026001763.0
1817.0,60022000000000.0,ADRIANO SUC DELGADO MENDOZA,SOLARES CONCEPCION,Rural,65205,54652,10552,2026001764.0
1818.0,60023000000000.0,LUIS ANTONIO CES BELLO RINCON,CUCUBO,Rural,5985,5002,982,2026001765.0
1819.0,60024000000000.0,LUIS ANTONIO BELLO RINCON,HOJA BLANCA EL ADOROTE,Rural,11710,8947,2762,2026001766.0
1821.0,60026000000000.0,HERMAN CARVAJAL CARVAJAL,EL OVIEDO VDA: BOMBONA,Rural,43370,41767,1602,2026001768.0
1823.0,60031000000000.0,RICARDO EDUVIN ORTIZ ANTOLINEZ,LA MESETA,Rural,43745,35280,8465,2026001769.0
1824.0,60032000000000.0,HERMAN CARVAJAL CARVAJAL,OVEJERAS O BETANIA,Rural,81095,67980,13115,2026001770.0
1825.0,60033000000000.0,LUIS ERNESTO CARDENAS,EL LAUREL VDA BOMBONA,Rural,22830,19567,3262,2026001771.0
1826.0,60034000000000.0,LUIS ERNESTO CARDENAS,LA AGUADITA,Rural,85415,80550,4865,2026001772.0
1827.0,60035000000000.0,ANTONIO SUC VEGA BASTO,LOS DIVIDIVES VDA BOMBONA,Rural,47355,42285,5070,2026001773.0
1828.0,60036000000000.0,LUIS ERNESTO CERDENAS,LOMA DEL SALADO VDA BOMBONA,Rural,4060,3622,437,2026001774.0
1829.0,60037000000000.0,MARCIANO SAUL CARDENAS,LA AGUADITA,Rural,44895,40807,4087,2026001775.0
1830.0,60038000000000.0,MARIA ELENA RINCON MARTINEZ,LA AZUFRADA VDA BOMBONA,Rural,32135,28695,3440,2026001776.0
1831.0,60039000000000.0,JOSE NATIVIDAD MENESES VILLAMIZAR,POTRERO DE LA OVEJERA VDA: BOMBON,Rural,76715,76712,2,2026001777.0
1832.0,60040000000000.0,MARCIANO SAUL CARDENAS,LA AGUADA U OVEJERA,Rural,16775,14685,2090,2026001778.0
1833.0,60041000000000.0,ANGELICA ROCIO REYES MENESES,LA OVEJERA O LA OVEJERITA,Rural,30865,28980,1885,2026001779.0
1834.0,60042000000000.0,ALIX AMILDE MENESES CORDERO,LA FALDA DE LA CRUZ DE TECATETA V,Rural,34640,27945,6695,2026001780.0
1835.0,60045000000000.0,NUBIA STELLA MENESES JAIMES,LUCITANIA Y PASTO AZUL VDA: BOMBO,Rural,194335,164887,29447,2026001781.0
1836.0,60046000000000.0,JACINTA CASTELLANOS CAMPOS,EL PALO SAUSA,Rural,349660,297510,52150,2026001782.0
1837.0,60047000000000.0,ROSINDA GONZALEZ MENDOZA,LA CUEVA VDA BOMBONA,Rural,205730,172222,33507,2026001783.0
1839.0,60049000000000.0,TERESA MENESES JAIMES,EL RAYO VDA BOMBONA,Rural,230935,190695,40240,2026001785.0
1840.0,60050000000000.0,MELVA CES CACERES VEGA,LA CRUZ VDA BOMBONA,Rural,30280,25492,4787,2026001786.0
1841.0,60051000000000.0,WILSON ROJAS REYES,EL MIRADOR VDA BOMBONA,Rural,59775,47677,12097,2026001787.0
1843.0,60054000000000.0,LUIS ALFONSO PINTO RAMIREZ,EL MORTINO VDA BOMBONA,Rural,225275,182580,42695,2026001789.0
1844.0,60055000000000.0,JOSE DE JESUS PINTO RAMIREZ,LA MESETA Y SAUZ VDA BOMBONA,Rural,123740,105682,18057,2026001790.0
1845.0,60056000000000.0,GUILLERMO MENDOZA CAMPOS,LA EMBOCADA,Rural,157485,127185,30300,2026001791.0
1846.0,60057000000000.0,MARIA DEL CARM CAMPOS CASTELLANOS,LA GARITA VDA BOMBONA,Rural,47935,38647,9287,2026001792.0
1847.0,60058000000000.0,GUILLERMO MENDOZA CAMPOS,LA GARITA VDA BOMBONA,Rural,97670,78772,18897,2026001793.0
1850.0,60061000000000.0,GLORIA FANY ROJAS CONDE,LAS PILITAS VDA BOMBONA,Rural,33555,27067,6487,2026001796.0
1851.0,60062000000000.0,GLORIA FANY ROJAS CONDE,LA ESMERALDA VDA BOMBONA,Rural,55725,44947,10777,2026001797.0
1855.0,60067000000000.0,NIDIA CARDENAS VERA,SALITRE VDA: BOMBONA,Rural,110605,92385,18220,2026001801.0
1856.0,60068000000000.0,MARCO ANTONIO RAMIREZ MALDONADO,LA HOYADA,Rural,24575,19830,4745,2026001802.0
1857.0,60069000000000.0,LEIDY COSTANZA ALVARADO PINTO,EL RECUERDO,Rural,542490,516765,25725,2026001803.0
1858.0,60070000000000.0,PEDRO JESUS ALVARADO ALVARADO,DELICIAS,Rural,562565,552532,10032,2026001804.0
1863.0,60075000000000.0,JULIO CESAR REYES ORTIZ,EL TRIANGULO VDA BOMBONA,Rural,160405,159990,415,2026001808.0
1866.0,60078000000000.0,LUIS JESUS ORTIZ,SANTA HELENA VDA BOMBONA,Rural,195300,192855,2445,2026001811.0
1867.0,60080000000000.0,FELIX JOAQUIN LOZANO CARDENAS,LA GARITA VDA: BOMBONA,Rural,112355,108735,3620,2026001812.0
1870.0,60083000000000.0,CIRO BORRERO MALDONADO,EL MUELLE VDA: BOMBONA,Rural,55750,55582,167,2026001814.0
1871.0,60084000000000.0,RAUL GAMBOA ROA,LA CURVA,Rural,61030,57652,3377,2026001815.0
1873.0,60086000000000.0,MARIA ANUNCIACION CORDERO MENESES,LA GARITA,Rural,164525,164523,1,2026001817.0
1874.0,60087000000000.0,GABRIEL CUADROS CHAVEZ,LA GARITA,Rural,6785,6784,0,2026001818.0
1879.0,60095000000000.0,MARIELA GAMBOA ROA,CORINTO,Rural,798770,786345,12425,2026001823.0
1880.0,60096000000000.0,ADELSO HERNANDEZ VERA,MANARIA CHIQUITA,Rural,319575,311707,7867,2026001824.0
1881.0,60097000000000.0,RAUL GAMBOA ROA,MANARIA DOS,Rural,243430,235582,7847,2026001825.0
1882.0,60098000000000.0,ESTHER CARVAJAL ALARCON,ALBANIA,Rural,71520,66765,4755,2026001826.0
1883.0,60099000000000.0,ROSINDA GONZALEZ MENDOZA,LOS ALPES VDA BOMBONA,Rural,429900,339720,90180,2026001827.0
1884.0,60100000000000.0,MIGUEL SUC GALEANO HIGUERA,EL CUCHARAL,Rural,71905,69577,2327,2026001828.0
1886.0,60102000000000.0,RAUL GAMBOA ROA,MANARIA UNO,Rural,74475,74472,2,2026001830.0
1888.0,60104000000000.0,MARINA VARGAS DE MARTINEZ,YERBABUENA EL SALADO VDA BOMBONA,Rural,196105,171945,24160,2026001832.0
1890.0,60106000000000.0,ALIRIO CES VEGA SIERRA,HIERBA BUENA VDA: BOMBONA,Rural,40250,35010,5240,2026001833.0
1893.0,60109000000000.0,DORA MENESES QUINTERO,LA YERBABUENA VDA: BOMBONA,Rural,30380,27787,2592,2026001836.0
1894.0,60110000000000.0,BEATRIZ CARVAJAL CACERES,MEXICO VDA BOMBONA,Rural,77875,70890,6985,2026001837.0
1896.0,60112000000000.0,CARMEN CECILIA CACERES CARVAJAL,LA HIERBABUENA VDA BOMBONA,Rural,26415,24157,2257,2026001839.0
1897.0,60113000000000.0,MARIELA GAMBOA ROA,SAN PEDRO Y PALMAR VDA BOMBONA,Rural,111195,108495,2700,2026001840.0
1898.0,60114000000000.0,ALEIXER SANABRIA ROJAS,EL SORURO VDA BOMBONA,Rural,224580,221850,2730,2026001841.0
1899.0,60115000000000.0,BENILDA NIÑO BASTO,LA CUÑITA,Rural,9370,7845,1525,2026001842.0
1901.0,60118000000000.0,MARIA DEL CARMEN PINTO PINTO,LA RINCONADA,Rural,86955,70162,16792,2026001844.0
1902.0,60119000000000.0,LUIS FRANCISCO PINTO RAMIREZ,LA ERA VDA BOMBONA,Rural,43745,35280,8465,2026001845.0
1903.0,60120000000000.0,JOSE CUPERTINO PINTO RINCON,POTRERITOS VDA: BOMBONA,Rural,11985,9690,2295,2026001846.0
1905.0,60122000000000.0,RODOLFO REYES PINTO,LOS PINOS,Rural,27565,22230,5335,2026001848.0
1906.0,60123000000000.0,LETICIA MENDOZA RINCON,LAS TAPIAS VDA: BOMBONA,Rural,80310,60712,19597,2026001849.0
1907.0,60125000000000.0,INSTITUTO NACIONAL DE VIAS INVIAS,HOJANCHA VDA BOMBONA,Rural,986080,890707,95372,2026001850.0
1908.0,60127000000000.0,MARITZA ROJAS CONDE,LA GARITA,Rural,496230,440100,56130,2026001851.0
1912.0,60132000000000.0,BENILDA NIÑO BASTO,LOS DIVIDIVES,Rural,29760,27750,2010,2026001855.0
1914.0,60135000000000.0,ANGEL VELOZA MIGUEL,LA YERBABUENA O EL SALADO VDA BOMB,Rural,29260,25732,3527,2026001857.0
1915.0,60136000000000.0,JUAN DE DIOS ROJAS ORTIZ,EL MUELLE,Rural,203585,170797,32787,2026001858.0
1916.0,60137000000000.0,INSTITUTO NACIONAL DE VIAS INVIAS,LAGUNITAS,Rural,183055,151897,31157,2026001859.0
1918.0,60139000000000.0,MILTON YOVAN CALDERON CASTELLANOS,CASA DE HABITACION CON SOLAR VDA B,Rural,17315,16995,320,2026001861.0
1919.0,60141000000000.0,MARIA OLIVA REYES ROJAS,EL SAUCO,Rural,69325,66765,2560,2026001862.0
1920.0,60142000000000.0,DILSON DAVID GONZALEZ ANTOLINEZ,LA GARITA VDA: BOMBONA,Rural,149805,144967,4837,2026001863.0
1921.0,60143000000000.0,RUBEN MENDOZA RINCON,ALTO VIENTO VDA BOMBONA,Rural,258775,234277,24497,2026001864.0
1926.0,60148000000000.0,ANGELICA ROCIO REYES MENESES,LA ENSENADA,Rural,10700,8670,2030,2026001869.0
1927.0,60149000000000.0,ANGELICA ROCIO REYES MENESES,EL POTRERO,Rural,28400,25065,3335,2026001870.0
1928.0,60150000000000.0,FANNY OSORIO GAMBOA,MANARIA,Rural,205680,199042,6637,2026001871.0
1929.0,60151000000000.0,JOAQUIN GAMBOA ROA,LA VEGA,Rural,299605,289942,9662,2026001872.0
1930.0,60152000000000.0,CIRO BORRERO MALDONADO,LA GARITA VDA: BOMBONA,Rural,44940,43500,1440,2026001873.0
1931.0,60153000000000.0,CIRO BORRERO MALDONADO,LOS PINOS,Rural,89880,86977,2902,2026001874.0
1932.0,60154000000000.0,DANNIIL LEONARD SANTANDER MENESES,NORMANDIA VDA: BOMBONA,Rural,164330,138037,26292,2026001875.0
1934.0,60156000000000.0,MARCO AURELIO MORENO BASTO,EL URAPAN,Rural,172130,136020,36110,2026001877.0
1935.0,60157000000000.0,HERMAN CARVAJAL CARVAJAL,EL MORTINO VDA BOMBONA,Rural,46495,38955,7540,2026001878.0
1938.0,60160000000000.0,BENILDA NINO BASTO,LA CUADRA VDA: BOMBONA,Rural,1500,1252,247,2026001881.0
1939.0,60162000000000.0,RUBEN MENDOZA RINCON,EL ACHICADERO VDA: BOMBONA,Rural,90410,68565,21845,2026001882.0
1940.0,60163000000000.0,EDELMIRA MENDOZA DE DELGADO,PIEDRA NEGRA VDA: BOMBONA,Rural,86385,64950,21435,2026001883.0
1941.0,60164000000000.0,LETICIA MENDOZA RINCON,EL CUCHARAL VDA BOMBONA,Rural,147600,119040,28560,2026001884.0
1942.0,60165000000000.0,RUBEN MENDOZA RINCON,EL AYUELITO VDA BOMBONA,Rural,149805,120817,28987,2026001885.0
1943.0,60166000000000.0,RUBEN MENDOZA RINCON,EL GAQUE VDA: BOMBONA,Rural,149805,120817,28987,2026001886.0
1944.0,60167000000000.0,RUBEN MENDOZA RINCON,VILLA INES VDA: BOMBONA,Rural,228510,185017,43492,2026001887.0
1945.0,60168000000000.0,EVARISTO MENDOZA RINCON,LA LOMA VDA: BOMBONA,Rural,226475,186270,40205,2026001888.0
1946.0,60169000000000.0,EVARISTO MENDOZA RINCON,EL CAMPAMENTO VDA: BOMBONA,Rural,62675,53632,9042,2026001889.0
1947.0,60170000000000.0,LETICIA MENDOZA RINCON,LAS ACACIAS VDA: BOMBONA,Rural,85695,64320,21375,2026001890.0
1948.0,60171000000000.0,MARCO ANTONIO CALDERON TARAZONA,GARITA O VOLADOR,Rural,121715,117780,3935,2026001891.0
1949.0,60172000000000.0,MARTINA MENDEZ HIGUERA,LO TERRENO VDA BOMBONA,Rural,104830,85687,19142,2026001892.0
1950.0,60173000000000.0,LETICIA MENDOZA RINCON,LA CORRALEJA VDA: BOMBONA,Rural,97130,77745,19385,2026001893.0
1951.0,60174000000000.0,MARINO CAMPOS CASTELLANOS,LA ESPERANZA VDA: BOMBONA,Rural,43250,36247,7002,2026001894.0
1952.0,60175000000000.0,ALEXANDRA MUNOZ MENESES,SAN RAFAEL VDA BOMBONA,Rural,200185,162915,37270,2026001895.0
1954.0,60177000000000.0,LUIS ANTONIO PINTO PINTO,EL RINCON VDA: BOMBONA,Rural,13530,12075,1455,2026001897.0
1955.0,60178000000000.0,WILSON ROJAS REYES,LA LOMITA VDA: BOMBONA,Rural,56175,54367,1807,2026001898.0
1956.0,60179000000000.0,HERNANDO ROJAS REYES,LA EUCALIPTA VDA: BOMBONA,Rural,43070,41670,1400,2026001899.0
1957.0,60180000000000.0,ROSALBA ROJAS SANABRIA,EL UVO VDA: BOMBONA,Rural,43070,41670,1400,2026001900.0
1958.0,60181000000000.0,EULISES ROJAS REYES,BELLAVISTA VDA: BOMBONA,Rural,43070,41670,1400,2026001901.0
1959.0,60182000000000.0,ROSAURA PALACIO CORREA,EL URAPAN VDA: BOMBONA,Rural,43070,41670,1400,2026001902.0
1960.0,60183000000000.0,CECILIA PINTO ORTIZ,EL RECUERDO VDA: BOMBONA,Rural,187255,181215,6040,2026001903.0
1961.0,60184000000000.0,OLGA PINTO PINTO,LA ESPERANZA VDA: BOMBONA,Rural,226825,220530,6295,2026001904.0
1963.0,60186000000000.0,WBALDO SIERRA SUAREZ,EL JORDAN VDA: BOMBONA,Rural,196615,190275,6340,2026001906.0
1967.0,60190000000000.0,MARIA DE LOS ANGELES PINTO RAMIREZ,TIERRA CALIENTE VDA BOMBONA,Rural,17565,14722,2842,2026001910.0
1968.0,60191000000000.0,CARMEN ELISA PINTO RAMIREZ,EL UVO VDA BOMBONA,Rural,34315,28770,5545,2026001911.0
3918.0,60210000000000.0,LEOPOLDO ROJAS ORTIZ,LA GARITA,Rural,104865,101482,3382,2026003749.0
1981.0,70002000000000.0,WILSON CHUZCANO JAIMES CARLOS,MIRADOR,Rural,1940,1455,485,2026001924.0
1982.0,70003000000000.0,ESTHER CES JAIMES CHUSCANO,LATALES,Rural,910,682,227,2026001925.0
1983.0,70004000000000.0,ESTER JAIMES CHUSCANO,TRAMATRA VDA PALACE,Rural,42535,33270,9265,2026001926.0
1984.0,70005000000000.0,MARIA MONICA CHUZCANO,TRAMATRA,Rural,1190,892,297,2026001927.0
1985.0,70006000000000.0,LUIS ALEJANDRO RIOS JAIMES,TRAMATRA VDA PALACE,Rural,208835,166057,42777,2026001928.0
1987.0,70009000000000.0,NORALBA RIOS ROBLES,LAS CARRACAS VDA PALACE,Rural,8050,6037,2012,2026001930.0
1988.0,70010000000000.0,NORALBA RIOS ROBLES,EL MORRO VDA PALACE,Rural,2410,1807,602,2026001931.0
1989.0,70011000000000.0,MIREYA CASTELLANOS ORDUZ,FRAILE Y PANTANITOS,Rural,28240,21180,7060,2026001932.0
1990.0,70013000000000.0,NORALBA RIOS ROBLES,MESA GRANDE VDA PALACE,Rural,98645,79560,19085,2026001933.0
1991.0,70014000000000.0,NORALBA RIOS ROBLES,MESA CHIQUITA VDA PALECE,Rural,42160,31620,10540,2026001934.0
1992.0,70015000000000.0,RODRIGO RIOS JAIMES,ENCENILLO VDA PALACE,Rural,19330,14497,4832,2026001935.0
1993.0,70016000000000.0,FREDY ORLANDO ALVARADO ORDUZ,CORTADERAS VDA: PALACE,Rural,54350,40762,13587,2026001936.0
1994.0,70017000000000.0,ALEJANDRINA FLOREZ CACERES,CORTADERAS CASA QUEMADA POTRERITOS,Rural,43880,32910,10970,2026001937.0
1995.0,70018000000000.0,TEOFILO SANTOS,MESETA VDA PALACE,Rural,8810,6607,2202,2026001938.0
1996.0,70019000000000.0,LUIS ALEJANDRO RIOS JAIMES,LOS SITIOS,Rural,1960,1470,490,2026001939.0
1998.0,70021000000000.0,ANGELMIRO ALVARADO BOHORQUEZ,PALO BLANCO COMUNIDAD POTRERITOS,Rural,31030,23272,7757,2026001941.0
2002.0,70025000000000.0,JACOBA SUC TORRES JAIMES,LA HOYADA VDA: PALACE,Rural,300,225,75,2026001945.0
2003.0,70026000000000.0,ANGELMIRO ALVARADO BOHORQUEZ,TUTALES,Rural,7970,5977,1992,2026001946.0
2006.0,70029000000000.0,TEOFILO SANTOS,PALO BLANCO VDA PALACE,Rural,468165,422527,45637,2026001949.0
2007.0,70030000000000.0,HECTOR SANTOS,TABLON Y PULPITO VDA PALACE,Rural,6610,4957,1652,2026001950.0
2008.0,70031000000000.0,ALEJANDRO REYES SANTIESTEBAN,SALADO NEGRO,Rural,73140,61950,11190,2026001951.0
2009.0,70032000000000.0,HECTOR SANTOS,LEONA EL ALIZAL,Rural,8870,6652,2217,2026001952.0
2014.0,70038000000000.0,HECTOR SANTOS,EL RODEO VDA PALACE,Rural,115845,101625,14220,2026001957.0
2015.0,70039000000000.0,HECTOR SANTOS,LA ROSA VDA PALACE,Rural,76185,68010,8175,2026001958.0
2016.0,70040000000000.0,OMAR RIOS ROBLES,EL HATICO VDA PALACE,Rural,12320,9240,3080,2026001959.0
2018.0,70042000000000.0,PEDRO JAIMES CHUSCANO,TRAPICHE VDA PALACE,Rural,56130,44385,11745,2026001961.0
2019.0,70043000000000.0,ESTHER JAIMES CHUSCANO,EL BALCON VDA PALACE,Rural,130915,112530,18385,2026001962.0
2020.0,70044000000000.0,MARIA CECILIA ANGARITA BARRIOS,LA LAGUNA,Rural,136695,114697,21997,2026001963.0
2021.0,70045000000000.0,ORLANDO PENARANDA CRUZ,CORRALES,Rural,3975,3547,427,2026001964.0
2022.0,70046000000000.0,ORLANDO CES PENARANDA CRUZ,CASA QUEMADA VDA: PALACE,Rural,37520,30682,6837,2026001965.0
2023.0,70047000000000.0,ORLANDO PENARANDA CRUZ,MANARIA GRANDE,Rural,265480,233617,31862,2026001966.0
2024.0,70049000000000.0,MAXIMILIANO LEAL MENDOZA,PANTANITOS VDA: PALACE,Rural,325320,250552,74767,2026001967.0
2025.0,70051000000000.0,ORLANDO PENARANDA CRUZ,POTRERO ENTRADA DEL ALCOHOL VDA,Rural,285420,254692,30727,2026001968.0
2026.0,70053000000000.0,HECTOR SANTOS,CUCHARO,Rural,38115,33915,4200,2026001969.0
2029.0,70057000000000.0,LUIS CES JAIMES VEGA,AGUA TENDIDA,Rural,140035,125805,14230,2026001972.0
2032.0,70061000000000.0,ORLANDO CES PENARANDA CRUZ,PALO NEGRO,Rural,30405,26377,4027,2026001975.0
2033.0,70062000000000.0,MARIA RUFINA CORDERO BASTO,PALO NEGRO Y CARDON VDA PALACE,Rural,84130,63097,21032,2026001976.0
2034.0,70063000000000.0,MARIA RUFINA CORDERO BASTO,JUNCO Y POTREROS VDA PALACE,Rural,6490,4867,1622,2026001977.0
2035.0,70064000000000.0,EDELMIRA CES GUZMAN BOHORQUEZ,EL JUNCO VA PALACE,Rural,1290,967,322,2026001978.0
2036.0,70066000000000.0,JACINTA CASTELLANOS CAMPOS,EL PLAN,Rural,280,210,70,2026001979.0
2039.0,70069000000000.0,IMELDA CES OLEJUA DELGADO,CACIQUE,Rural,668,667,0,2026004709.0
2041.0,70072000000000.0,PEDRO VICENTE VERA,PLAN DE CEREZO VDA: PALACE,Rural,18490,13867,4622,2026001983.0
2042.0,70073000000000.0,JUAN DE JESUS CARDENAS RINCON,EL ESPINO VDA. PALACE,Rural,13530,12075,1455,2026001984.0
2043.0,70074000000000.0,ARGENIS MERCHAN CARVAJAL,CACIQUE MALPASO VDA PALACE,Rural,490,367,122,2026001985.0
2047.0,70079000000000.0,JUAN DE JESUS CARDENAS RINCON,TOCUA,Rural,6580,4935,1645,2026001989.0
2048.0,70080000000000.0,JUAN DE JESUS CARDENAS RINCON,LA LAJA,Rural,11450,10140,1310,2026001990.0
2053.0,70085000000000.0,JOSE NOE MENDOZA OJEDA,LA HOYADA VDA: PALACE,Rural,1750,1312,437,2026001995.0
2054.0,70086000000000.0,ISABEL CARDENAS GOMEZ,LA HOYA DEL ESPINO VDA PALACE,Rural,6250,4687,1562,2026001996.0
2055.0,70087000000000.0,GILBERTO REYES GOMEZ,LA HOYA DEL ESPINO VDA PALACE,Rural,14215,11467,2747,2026001997.0
2056.0,70088000000000.0,NORBERTO CES FERNANDEZ MENDOZA,EL ESPINO VDA PALACE,Rural,19180,16260,2920,2026001998.0
2058.0,70090000000000.0,LUIS ENRIQUE MANRIQUE ROJAS,EL MORTINO,Rural,71770,67927,3842,2026002000.0
2059.0,70091000000000.0,NORBERTO FERNANDEZ MENDOZA,EL ESPINO VDA PALACE,Rural,37705,32475,5230,2026002001.0
2060.0,70092000000000.0,ANGELMIRO ALVARADO BOHORQUEZ,SINANINCA VDA PALACE,Rural,44505,40050,4455,2026002002.0
2063.0,70095000000000.0,NOHEMI MENDOZA GONZALEZ,EL CEDRO,Rural,3005,2542,462,2026002005.0
2064.0,70096000000000.0,ELYS YOHAN MANRIQUE VEGA,EL SALADO,Rural,50870,41700,9170,2026002006.0
2065.0,70097000000000.0,BLANCA MARGARIT CASTELLANOS PINTO,SALADO NEGRO,Rural,101480,84517,16962,2026002007.0
2066.0,70098000000000.0,ROSA HELENA CES JAIMES JAMES,SINANENCA EL RINCON,Rural,20910,20325,585,2026002008.0
2067.0,70099000000000.0,ANGELMIRO ALVARADO BOHORQUEZ,SAN AGATON VDA PALACE,Rural,36145,30277,5867,2026002009.0
2068.0,70100000000000.0,LUIS ENRIQUE MANRIQUE ROJAS,SAN AGATON,Rural,13540,10155,3385,2026002010.0
2073.0,70105000000000.0,MARIA PURIFICACION CHIVATA,EL CORONADO,Rural,1690,1267,422,2026002015.0
2078.0,70110000000000.0,ANGEL MARIA CES MENDOZA GONZALEZ,NARANJITOS VDA PALACE,Rural,53320,44332,8987,2026002020.0
2083.0,70115000000000.0,ROQUE JULIO CASTELLANOS,CARRIZAL,Rural,29830,28552,1277,2026002025.0
2084.0,70116000000000.0,JUAN DE JESUS CARDENAS RINCON,CARRIZAL,Rural,13530,12075,1455,2026002026.0
2085.0,70117000000000.0,ROQUE JULIO CASTELLANOS,CARRIZAL,Rural,22690,20160,2530,2026002027.0
2086.0,70118000000000.0,ROQUE JULIO CASTELLANOS,CARRIZAL VDA PALACE,Rural,8200,6150,2050,2026002028.0
2087.0,70119000000000.0,ALBINA BARAJAS RAMIREZ,CARRIZAL VDA: PALACE,Rural,30650,23167,7482,2026002029.0
2088.0,70120000000000.0,LUIS ERNESTO CARDENAS,EL CARRIZAL,Rural,40670,35115,5555,2026002030.0
2089.0,70121000000000.0,GERMAN RAMIRO REYES FERNANDEZ,SALADO NEGRO VDA PALACE,Rural,153620,131205,22415,2026002031.0
2092.0,70124000000000.0,ALEJANDRO REYES SANTIESTEBAN,PLAN DEL SALADO,Rural,51580,47257,4322,2026002034.0
2095.0,70127000000000.0,JUAN DE JESUS CARDENAS RINCON,EL ESPINO VDA. PALACE,Rural,5410,4837,572,2026002037.0
2097.0,70129000000000.0,PABLO EMILIO GONZALEZ PENA,PLAN DE SALADO,Rural,118285,105420,12865,2026002038.0
2098.0,70131000000000.0,BLANCA MARGARIT CASTELLANOS PINTO,SALADO COLORADO,Rural,23390,20812,2577,2026002039.0
2099.0,70132000000000.0,CLEMENTE GONZALEZ PENA,LA HIGUERA VDA: PALACE,Rural,7110,6082,1027,2026002040.0
2100.0,70133000000000.0,LUIS GONZALEZ PENA,HIGUERA DE GONZALEZ VDA PALACE,Rural,10855,9562,1292,2026002041.0
2103.0,70136000000000.0,MARGARITA ROJAS ROSALES,EL UVO VDA PALACE,Rural,43950,41902,2047,2026002042.0
2104.0,70137000000000.0,ALBA YANETH REYES ROJAS,HORNITO,Rural,26820,26819,0,2026002043.0
2105.0,70138000000000.0,DORA MENESES QUINTERO,VICERTA,Rural,22650,20482,2167,2026002044.0
2107.0,70140000000000.0,EDILIA REYES VEGA,EL CARRIZAL PALO NEGRO BLANCO VDA,Rural,135050,116392,18657,2026002046.0
2109.0,70142000000000.0,ALEJANDRO REYES SANTIESTEBAN,DIVIDIVIS Y LIMOS,Rural,72085,60397,11687,2026002048.0
2110.0,70143000000000.0,ORLANDO PENARANDA CRUZ,LA LAGUNA,Rural,69255,61837,7417,2026002049.0
2113.0,70146000000000.0,JUAN DE JESUS CARDENAS RINCON,EL CAJON,Rural,29705,23857,5847,2026002052.0
2114.0,70147000000000.0,DIONILDO REYES VEGA,LAZARITO VDA PALACE,Rural,24400,18300,6100,2026002053.0
2115.0,70148000000000.0,FREDY ORLANDO ALVARADO ORDUZ,FRAYLE CHIQUITO VDA PALACE,Rural,6430,4822,1607,2026002054.0
2116.0,70149000000000.0,JUAN DE JESUS CARDENAS RINCON,LA FALDA,Rural,3690,2767,922,2026002055.0
2126.0,70163000000000.0,MARIA ADELA REYES FERNANDEZ,HIGUERA DE CALICHES VDA: PALACE,Rural,16915,15105,1810,2026002064.0
2129.0,80003000000000.0,MARIA BENIGNA FLOREZ FLOREZ,CARBONERA,Rural,293000,235440,57560,2026002067.0
2130.0,80004000000000.0,ROQUE JULIO VARGAS FLOREZ,LA VENEZOLANA,Rural,431300,373987,57312,2026002068.0
2131.0,80005000000000.0,MILCIADES FLOREZ CARVAJAL,LOQUETO VDA PICHINCHA,Rural,162255,137025,25230,2026002069.0
2132.0,80006000000000.0,PASTOR FLOREZ PINEDA,LOTE DE TERRENO,Rural,65605,53670,11935,2026002070.0
2135.0,80010000000000.0,OFELMINA PEREZ HERNANDEZ,CUADRITAS AGUADITAS VDA: PICHINCH,Rural,83845,78097,5747,2026002073.0
2139.0,80016000000000.0,SAUL STIVEN RANGEL CASTELLANOS,EL OJITO Y EL BORRACHERO VDA PICHI,Rural,40150,37350,2800,2026002076.0
2140.0,80017000000000.0,JOSE MANUEL CARVAJAL CASTELLANOS,CASA BLANCA VDA: PICHINCHA,Rural,82585,74902,7682,2026002077.0
2145.0,80022000000000.0,ANA VICTORIA CES CASTANEDA SUAREZ,BORRACHEROS VDA PICHINCHA,Rural,17085,14745,2340,2026002082.0
2147.0,80024000000000.0,MEDARDO CACERES CARVAJAL,HIGO VDA PICHINCHA A,Rural,10820,9727,1092,2026002084.0
2150.0,80027000000000.0,BEATRIZ SANDOVAL SANDOVAL,EL OJITO,Rural,25835,24735,1100,2026002087.0
2151.0,80028000000000.0,DOMINGO VARGAS,PIEDRA LARGA,Rural,6305,5670,635,2026002088.0
2153.0,80030000000000.0,VICENTA SUC TORRES,LOS POCITOS VDA PICHINCHA,Rural,15265,15195,70,2026002090.0
2154.0,80031000000000.0,ADOLFO TORRES,LOS POCITOS,Rural,39990,39480,510,2026002091.0
2156.0,80033000000000.0,GRACIELA CES SANDOVAL CASTELLANOS,EL BALCON PICACHO EL UVO,Rural,130435,124830,5605,2026002093.0
2159.0,80037000000000.0,ANA VICTORIA ORDUZ ALVARADO,PANTANITOS,Rural,4640,3480,1160,2026002096.0
2160.0,80038000000000.0,FREDY ORLANDO ALVARADO ORDUZ,CORTADERAS,Rural,13400,10050,3350,2026002097.0
2161.0,80039000000000.0,YURI SMITH ALVARADO ORDUZ,HERVEDOR VDA PICHINCHA,Rural,2620,1965,655,2026002098.0
2163.0,80041000000000.0,CESAR DAVID MARTINEZ CASTELLANOS,HOYADA MESETA,Rural,19970,14977,4992,2026002100.0
2165.0,80044000000000.0,CESAR DAVID MARTINEZ CASTELLANOS,RICONADA TAPIAS,Rural,140905,114772,26132,2026002102.0
2166.0,80045000000000.0,SILVINO CES CORDERO SANDOVAL,CUSAGUETA,Rural,284675,236932,47742,2026002103.0
2168.0,80049000000000.0,ROMAN PAUL ALVARADO MENDEZ,LOS BANQUITOS VDA: PICHINCHA,Rural,185600,162442,23157,2026002105.0
2177.0,80059000000000.0,ENCARNACION CORDERO CORDERO,DIVIDIVI VDA: PICHINCHA,Rural,98675,83085,15590,2026002113.0
2179.0,80061000000000.0,JUAN BAUTISTA CORDERO ABRIL,CUSAGUETICA LA LAGUNA VDA: PICHINC,Rural,78010,58507,19502,2026002115.0
2180.0,80063000000000.0,JUAN BAUTISTA CES CORDERO ABRIL,PALONEGRO,Rural,6580,4935,1645,2026002116.0
2181.0,80064000000000.0,JUAN BAUTISTA CES CORDERO ABRIL,CAJONES MONTE FRIO,Rural,24765,20940,3825,2026002117.0
2182.0,80065000000000.0,ALCIRA GONZALEZ FLOREZ,PALO NEGRO VDA PICHINCHA,Rural,16855,13605,3250,2026002118.0
2185.0,80068000000000.0,DANIEL CASTELLANOS RIOS,NARANJITO,Rural,70220,56632,13587,2026002121.0
2187.0,80070000000000.0,FLOR ANGELA SANDOVAL SANDOVAL,ALTO VIENTO,Rural,54675,45555,9120,2026002123.0
2193.0,80076000000000.0,LIBARDO ESPINEL ESPINEL,ABEJAS EL NARANJITO,Rural,16855,13605,3250,2026002129.0
2194.0,80077000000000.0,LIBARDO ESPINEL ESPINEL,EL ZAPIRO,Rural,10920,9810,1110,2026002130.0
2195.0,80079000000000.0,LIBARDO ESPINEL ESPINEL,NARANJO Y HELECHAL VDA. PICHINCHA,Rural,18505,17572,932,2026002131.0
2196.0,80083000000000.0,CLEMENCIA LOPEZ FERNANDEZ,PLAN DE TAQUI VDA PICHINCHA,Rural,25125,20475,4650,2026002132.0
2197.0,80085000000000.0,MARIA ALCIRA ESPINEL ESPINEL,LA ARGELIA Y EL SITIO VDA PICHINCH,Rural,78560,64252,14307,2026002133.0
2200.0,80091000000000.0,ALCIRA CASTELLANOS ORDUZ,PACHACUAL,Rural,80090,60067,20022,2026002136.0
2202.0,80093000000000.0,JOAQUIN EMIRO ALVARADO ORDUZ,EL MORTINO VDA PICHINCHA,Rural,149485,119100,30385,2026002138.0
2203.0,80094000000000.0,SENAIY CASTELLANOS ORDUZ,PACHACUAL EL VOLCAN,Rural,93255,74355,18900,2026002139.0
2205.0,80096000000000.0,ANIBAL SANABRIA CALDERON,LAGUNITAS,Rural,14550,10912,3637,2026002141.0
2207.0,80098000000000.0,RUFFINO SUC JAIMES MEDINA,EL CARRETERO,Rural,4730,3547,1182,2026002143.0
2208.0,80099000000000.0,ELVIA VELOZA CARVAJAL,HATO VIEJO,Rural,93780,70335,23445,2026002144.0
2209.0,80100000000000.0,JUAN JAIMES BOHORQUEZ,EL MEDIO VDA PICHINCHA,Rural,45865,35805,10060,2026002145.0
2210.0,80101000000000.0,ALVARO CES JAIMES BOHORQUEZ,EL UVO VDA PICHINCHA,Rural,251865,191587,60277,2026002146.0
2212.0,80103000000000.0,SILVERIO JAIMES JAIMES,HATO VIEJO VDA PICHINCHA,Rural,108690,93832,14857,2026002148.0
2213.0,80104000000000.0,IVAN RAMIREZ BECERRA,LA LAJITA VDA: PICHINCHA,Rural,74665,61237,13427,2026002149.0
2214.0,80105000000000.0,GEORGINA CASTELLANOS NINO,EL UVO VDA: PICHINCA,Rural,26995,22237,4757,2026002150.0
2217.0,80108000000000.0,CLEMENTE GONZALEZ PENA,EL UVO,Rural,109935,98152,11782,2026002153.0
2218.0,80109000000000.0,SILVERIO SUC JAIMES JAIMES,LOS LIRIOS LA AGUADITA VDA PICHINC,Rural,38595,32932,5662,2026002154.0
2219.0,80110000000000.0,SILVERIO SUC JAIMES JAIMES,LOS LIRIOS VDA PICHINCHA,Rural,57650,56242,1407,2026002155.0
2220.0,80111000000000.0,GEORGINA CASTELLANOS NINO,CEDROS VDA PICHINCHA,Rural,76035,60862,15172,2026002156.0
2223.0,80115000000000.0,EDELMIRA NINO CACERES,ALTAMIRA,Rural,13435,12165,1270,2026002159.0
2224.0,80116000000000.0,GEORGINA CASTELLANOS NINO,LA LAJITA VDA. PICHINCHA,Rural,7580,5685,1895,2026002160.0
2225.0,80117000000000.0,EDGARD RAMIREZ BECERRA,LA AGUADITA Y ROBLES,Rural,143520,107640,35880,2026002161.0
2229.0,80121000000000.0,EDGARD RAMIREZ BECERRA,EL ROBLE VDA PICHINCHA,Rural,23330,19380,3950,2026002165.0
2233.0,80126000000000.0,MEDARDO CACERES CARVAJAL,EL CHILCO LAS AGUADITAS VDA: PICH,Rural,39925,34582,5342,2026002169.0
2234.0,80127000000000.0,LUIS ENRIQUE CE SANABRIA MANRIQUE,POZO BRAVO VDA: PICHINCHA,Rural,3510,2632,877,2026002170.0
2237.0,80133000000000.0,ANGEL YOANI MARTINEZ CASTELLANOS,TREBOL MESETAS,Rural,347600,260700,86900,2026002173.0
2238.0,80134000000000.0,MONICA MARCELA MEJIA MONTANEZ,BORRACHERO,Rural,16815,15105,1710,2026002174.0
2240.0,80137000000000.0,BEATRIZ SANDOVAL SANDOVAL,LA CAÑABRAVA,Rural,32740,31260,1480,2026002176.0
2241.0,80139000000000.0,ROQUE JULIO VARGAS FLOREZ,CEDRO VDA. PICHINCHA,Rural,101705,87945,13760,2026002177.0
2242.0,80140000000000.0,JOSE LUIS FLOREZ CALDERON,CANABRAVO VDA PICHINCHA,Rural,35205,28387,6817,2026002178.0
2243.0,80141000000000.0,FREDY ORLANDO ALVARADO ORDUZ,CHOCHALITO VDA PICHINCHA,Rural,640,480,160,2026002179.0
2246.0,80144000000000.0,MARIA ALCIRA ESPINEL ESPINEL,LA VEGUITA VDA PICHINCHA,Rural,20280,17010,3270,2026002181.0
2247.0,80146000000000.0,MARIA ALCIRA ESPINEL ESPINEL,EL CHIRIMOYO VDA PICHINCHA,Rural,51745,43357,8387,2026002182.0
2248.0,80147000000000.0,JOSE LUIS FLOREZ CALDERON,EL UVO VDA PICHINCHA,Rural,25280,20400,4880,2026002183.0
2249.0,80148000000000.0,GRACIELA SANDOVAL CASTELLANOS,EL TRIANGULO,Rural,16555,14730,1825,2026002184.0
2250.0,80149000000000.0,ANA YOLANDA CARVAJAL CASTELLANOS,CEDRO Y TOCHE,Rural,36990,33232,3757,2026002185.0
2252.0,80152000000000.0,ELIDA CORDERO ARENALES,LOS PINOS VDA PICHINCHA,Rural,9230,6922,2307,2026002186.0
2254.0,80154000000000.0,ANA VICTORIA ORDUZ ALVARADO,EL GUARUMBO,Rural,2420,1815,605,2026002188.0
2259.0,80159000000000.0,FREDY OLEJUA BETANCOURTH,CORRALEJA PARTE DE LA FALDA VDA PI,Rural,36945,35032,1912,2026002193.0
2261.0,80161000000000.0,LUIS ALEJANDRO MEJIA ORDONEZ,DESPENSA Y EL OJITO,Rural,32740,31260,1480,2026002195.0
2262.0,80162000000000.0,LOLA BOADA BOHORQUEZ,EL PANTANO Y FICAL VDA. PICHINCHA,Rural,39205,35977,3227,2026002196.0
2264.0,80164000000000.0,DANIEL CASTELLANOS RIOS,PIEDRA GORDA,Rural,3745,3022,722,2026002198.0
2265.0,80165000000000.0,PABLO CES BOHORQUEZ CALDERON,LA FALDA,Rural,32275,29250,3025,2026002199.0
2266.0,80166000000000.0,ANA VICTORIA ORDUZ ALVARADO,EL TUERTO Y ARENAL,Rural,3640,2730,910,2026002200.0
2268.0,80168000000000.0,HILDA CORDERO SANDOVAL,ALTAMIRA,Rural,6480,4860,1620,2026002202.0
2270.0,80170000000000.0,SADY RINCON MORALES,LA RINCONADA,Rural,26990,20242,6747,2026002204.0
2271.0,80171000000000.0,SADY RINCON MORALES,LAGUNETA VDA PICHINCHA,Rural,13725,11062,2662,2026002205.0
2273.0,80173000000000.0,ALBERTO CORDERO RINCON,LOS LATALES VDA: PICHINCHA,Rural,920,690,230,2026002207.0
2275.0,80177000000000.0,GLADYS CECILIA ESPINEL ESPINEL,RANCHO ALEGRE VDA PICHINCHA,Rural,42320,31740,10580,2026002209.0
2276.0,80178000000000.0,LUIS ALBERTO CACERES CARVAJAL,LA ENSILLADA VDA PICHINCHA,Rural,50515,43635,6880,2026002210.0
2278.0,80180000000000.0,ROMAN PAUL ALVARADO MENDEZ,LOS SAUCES VDA: PICHINCHA,Rural,90105,75517,14587,2026002212.0
2286.0,80188000000000.0,SILVINO CORDERO SANDOVAL,EL CHOCHO VDA PICHINCHA,Rural,54150,45375,8775,2026002218.0
2288.0,80193000000000.0,MEDARDO CACERES CARVAJAL,EL GUAMO VDA PICHINCHA,Rural,9280,8340,940,2026002219.0
3922.0,80196000000000.0,FLOR ANGELA SANDOVAL SANDOVAL,EL CARDON,Rural,7490,6037,1452,2026003753.0
4037.0,80197000000000.0,PASTOR FLOREZ PINEDA,LOTE DE TERRENO,Rural,59175,48090,11085,2026003857.0
2295.0,90005000000000.0,PEDRO TOMAS FERNANDEZ MENDOZA,LA UNION VDA: APURE,Rural,125325,118987,6337,2026002225.0
2296.0,90006000000000.0,JOSUE FERNANDEZ MENDOZA,LA ESPERANZA LO 1,Rural,43160,43159,0,2026002226.0
2297.0,90007000000000.0,CARMEN ELISA PINTO RAMIREZ,SOLAR DE LOS NARANJOS VDA APURE,Rural,33260,30562,2697,2026002227.0
2299.0,90009000000000.0,VICTOR MANUEL PINTO CRISTANCHO,VERDERICO VDA: APURE,Rural,16510,15105,1405,2026002229.0
2300.0,90010000000000.0,GELVER VILLAMIZAR ALVARADO,EL VERGEL,Rural,37375,37374,0,2026002230.0
2301.0,90011000000000.0,EDUIN RODOLFO FERNANDEZ MENDOZA,LAS CUADRAS VERDUN VDA APURE,Rural,271385,247110,24275,2026002231.0
2302.0,90012000000000.0,FERNANDO EUDEX REYES FERNANDEZ,EL UVO MOLINO VDA: APURE,Rural,420275,387165,33110,2026002232.0
2303.0,90013000000000.0,NORBERTO FERNANDEZ MENDOZA,LA VEGA VDA: APURE,Rural,230420,213945,16475,2026002233.0
2304.0,90014000000000.0,NORBERTO FERNANDEZ MENDOZA,CORRALEJA DE LOS CUROS VDA: APURE,Rural,49530,45307,4222,2026002234.0
2305.0,90016000000000.0,ANA LUCIA ROBLES BECERRA,EL RINCON VDA APURE,Rural,133260,102225,31035,2026002235.0
2306.0,90017000000000.0,DEXI HERNANDEZ GONZALEZ,LA PRADERA LO 1 VDA APURE,Rural,24580,18435,6145,2026002236.0
2310.0,90021000000000.0,NORALBA RIOS ROBLES,TRES ESQUINAS VDA APURE,Rural,18725,18120,605,2026002240.0
2311.0,90022000000000.0,NORALBA RIOS ROBLES,TRES ESQUINAS VDA APURE,Rural,24525,24524,0,2026002241.0
2312.0,90023000000000.0,ANA VICTORIA ORDUZ ALVARADO,PUERTO SECO,Rural,123680,100897,22782,2026002242.0
2314.0,90025000000000.0,ANA VICTORIA ORDUZ ALVARADO,EL VOLCAN,Rural,56175,54367,1807,2026002244.0
2315.0,90026000000000.0,ANA VICTORIA ORDUZ ALVARADO,BELLA VISTA,Rural,76815,62137,14677,2026002245.0
2316.0,90027000000000.0,LUIS ALEJANDRO ARENALES HERNANDEZ,LA CUADRA,Rural,69660,67417,2242,2026002246.0
2319.0,90031000000000.0,JOSE HERVIN CES SIERRA,ARBOL SOLO VDA APURE,Rural,93325,91995,1330,2026002249.0
2320.0,90032000000000.0,JUAN DE LA CRUZ GALEANO MARTINEZ,SAN PEDRO,Rural,156855,130837,26017,2026002250.0
2321.0,90033000000000.0,CLEMENCIA JAIMES QUINTERO,YATAGO O DELICIAS,Rural,72525,69735,2790,2026002251.0
2322.0,90034000000000.0,APOLONIA SUC DELGADO RINCON,VERDERICO,Rural,32210,24157,8052,2026002252.0
2323.0,90035000000000.0,PABLO EMILIO RINCON DELGADO,VERDERICO VDA APURE,Rural,46820,35115,11705,2026002253.0
2324.0,90036000000000.0,MARIA RINCON CHUZCANO,LA EUCALIPTA,Rural,40270,30202,10067,2026002254.0
2325.0,90037000000000.0,PABLO EMILIO RINCON DELGADO,EL TRIANGULO,Rural,32210,24157,8052,2026002255.0
2326.0,90038000000000.0,PABLO EMILIO RINCON DELGADO,EL UVO,Rural,87900,68197,19702,2026002256.0
2328.0,90040000000000.0,ARNALDO ALVARADO ALVARADO,MESETA Y AGUADAS,Rural,128870,96652,32217,2026002258.0
2332.0,90044000000000.0,GERMAN RAMIRO CES REYES FERNANDEZ,LOS LAURELES VDA: APURE,Rural,57900,52905,4995,2026002262.0
2333.0,90045000000000.0,MILCIADES TARAZONA VEGA,EL GALLINAZO VDA APURE,Rural,115170,113955,1215,2026002263.0
2334.0,90046000000000.0,GLADYS ALICIA TARAZONA VEGA,OJITO DEL CHULO,Rural,28930,26407,2522,2026002264.0
2335.0,90047000000000.0,DORIS ALVARADO RINCON,AGUA BLANCA VDA: APURE,Rural,31860,28575,3285,2026002265.0
2336.0,90048000000000.0,ANA HILDA ROJAS ROSALES,EL UVITO VDA APURE,Rural,67955,66472,1482,2026002266.0
2337.0,90049000000000.0,BERNABE GARCIA,EL OTICON VDA APURE,Rural,113980,103087,10892,2026002267.0
2338.0,90050000000000.0,FERNANDO EUDEX REYES FERNANDEZ,EL LAUREL VDA APURE,Rural,89175,81052,8122,2026002268.0
2340.0,90052000000000.0,ILEANA ALVARADO RINCON,EL RECUERDO VDA APURE,Rural,27060,24157,2902,2026002270.0
2341.0,90053000000000.0,CLEMENTE GONZALEZ PENA,LOS LIRIOS VDA: APURE,Rural,21650,19327,2322,2026002271.0
2342.0,90054000000000.0,JOSUE FERNANDEZ MENDOZA,LAS QUINTAS VDA: APURE,Rural,120710,105652,15057,2026002272.0
2343.0,90055000000000.0,LEONIDAS CASTILLO,LOS LIRIOS VDA APURE,Rural,64560,59715,4845,2026002273.0
2344.0,90056000000000.0,MATILDE CES CARVAJAL ORTIZ,EL PULPITO,Rural,57505,51345,6160,2026002274.0
2345.0,90057000000000.0,YANETH ALVARADO RINCON,PANTANITOS VDA APURE,Rural,34325,30735,3590,2026002275.0
2346.0,90058000000000.0,PEDRO ANTONIO RINCON RINCON,LA MESETA,Rural,91250,68437,22812,2026002276.0
2349.0,90061000000000.0,VICENTE NINO ALVARADO,EL PAPAYITO VDA APURE,Rural,32970,29422,3547,2026002279.0
2352.0,90064000000000.0,OLGA LUCIA ALVARADO RINCON,VERDERICO VDA APURE,Rural,53840,47212,6627,2026002281.0
2353.0,90065000000000.0,MARCO ARNULFO ALVARADO ALVARADO,LOMITAS MIRADOR,Rural,612520,475237,137282,2026002282.0
2354.0,90067000000000.0,BLANCA IMELDA ALVARADO RINCON,EL GUAMO VDA APURE,Rural,39675,33652,6022,2026002283.0
2355.0,90070000000000.0,MARCO ARNULFO ALVARADO ALVARADO,EL EUCALIPTO VDA APURE,Rural,168470,126352,42117,2026002284.0
2356.0,90071000000000.0,MARCO ARNULFO ALVARADO ALVARADO,LA AGUADA VDA APURE,Rural,32210,24157,8052,2026002285.0
2357.0,90072000000000.0,ERNESTO REYES SANDOVAL,LA MESETA CHIVECHI Y GRANADILLO V,Rural,177190,132892,44297,2026002286.0
2358.0,90073000000000.0,MARTHA INES CARVAJAL CASTELLANOS,EL CHIVECHE VDA: APURE,Rural,189280,141960,47320,2026002287.0
2361.0,90076000000000.0,MARCO ARNULFO ALVARADO ALVARADO,EL CHIVECHE VDA APURE,Rural,36230,27172,9057,2026002290.0
2362.0,90077000000000.0,INVERSIONES DELGADO SUAREZ LIMITA,BUENOS AIRES MIRADOR VDA APURE,Rural,124010,108810,15200,2026002291.0
2363.0,90078000000000.0,INVERSIONES DELGADO SUAREZ SOCIED,EL CHULO,Rural,95585,84052,11532,2026002292.0
2364.0,90079000000000.0,ALVARO CES ORDONEZ CARVAJAL,CAÑA BRAVO,Rural,213440,160080,53360,2026002293.0
2367.0,90083000000000.0,ABRAHAM MORA ORTIZ,CANA BRAVO VDA APURE,Rural,82885,74730,8155,2026002295.0
2368.0,90084000000000.0,PEDRO ROJAS DURAN,EL OCASO VDA APURE,Rural,144810,108607,36202,2026002296.0
2369.0,90085000000000.0,PURIFICO BARAJAS ANTOLINEZ,EL NARANJO VDA: APURE,Rural,72065,60075,11990,2026002297.0
2371.0,90087000000000.0,RAMONA ELOISA VARGAS ORDONEZ,MESETA DEL CUCHARO,Rural,32210,24157,8052,2026002299.0
2372.0,90088000000000.0,NELSON CASTELLANOS ORDUZ,BUENOS AIRES VDA: APURE,Rural,64450,48337,16112,2026002300.0
2373.0,90089000000000.0,ELVA SANDOVAL MEJIA,CHIVECHE VDA APURE,Rural,140745,117952,22792,2026002301.0
2374.0,90090000000000.0,JOSE REYNEL OROZCO PENARANDA,LA ESMERALDA,Rural,51885,51884,0,2026002302.0
2375.0,90091000000000.0,ROSA ELENA SIERRA RIANO,LLANO GRANDE O INFIERNITO,Rural,25640,19230,6410,2026002303.0
2376.0,90092000000000.0,LUIS ALMINCAR MARTINEZ FLOREZ,LA FALDA O EL INFIERNITO VDA APURE,Rural,64450,48337,16112,2026002304.0
2377.0,90093000000000.0,LUIS ALMINCAR MARTINEZ FLOREZ,MUELLE,Rural,188955,144382,44572,2026002305.0
2378.0,90096000000000.0,MARINA VARGAS MARTINEZ,EL PEDREGAL VDA APURE,Rural,144980,108735,36245,2026002306.0
2381.0,90099000000000.0,ALVARO ORDONEZ CARVAJAL,CHIVECHE VDA: APURE,Rural,40270,30202,10067,2026002309.0
2382.0,90101000000000.0,ALVARO ORDONEZ CARVAJAL,LA EUCALIPTA,Rural,35035,27097,7937,2026002310.0
2383.0,90102000000000.0,ALVARO ORDONEZ CARVAJAL,MESETA ARENAL PUEBLO V,Rural,125955,96667,29287,2026002311.0
2384.0,90103000000000.0,RAMONA ELOISA VARGAS ORDONEZ,EL VOLCAN,Rural,48330,36247,12082,2026002312.0
2385.0,90104000000000.0,EVELIO ORDONEZ BARAJAS,CASCAJAL,Rural,56690,46672,10017,2026002313.0
2386.0,90105000000000.0,RAMONA ELOISA VARGAS ORDONEZ,CABECERA DE SANTAMARIA,Rural,96630,72472,24157,2026002314.0
2387.0,90106000000000.0,RAMONA ELOISA VARGAS ORDONEZ,EL YATAGO,Rural,61860,46395,15465,2026002315.0
2388.0,90107000000000.0,RAMONA ELOISA VARGAS ORDONEZ,EL ARRAYANAL,Rural,50940,41820,9120,2026002316.0
2389.0,90108000000000.0,EDGAR SIERRA RIAÑO,EL MIRADOR,Rural,8650,6487,2162,2026002317.0
2391.0,90110000000000.0,ALVARO MENDEZ PEÑARANDA,CUCHARAL YATAGO VDA: APURE,Rural,273830,205372,68457,2026002319.0
2392.0,90111000000000.0,GERMAN RAMIRO CES REYES FERNANDEZ,LOS LAURELES VDA: APURE,Rural,61625,56340,5285,2026002320.0
2395.0,90114000000000.0,HECTOR ANTONIO CES ALVARADO,JABONCILLO VDA: APURE,Rural,6305,5287,1017,2026002323.0
2397.0,90116000000000.0,ALIRIO RAUL PENA ALVARADO,LOS CUROS VDA: APURE,Rural,4505,3772,732,2026002325.0
2398.0,90117000000000.0,VICTOR MANUEL DIAZ AVELLANEDA,LA AGUADA VDA APURE,Rural,9550,8010,1540,2026002326.0
2399.0,90118000000000.0,LUIS ALFREDO SANDOVAL SANDOVAL,BUENOS AIRES,Rural,8580,8579,0,2026002327.0
2400.0,90119000000000.0,JOSE ANGEL BLANCO VELASQUEZ,LA ESPERANZA VDA APURE,Rural,5315,5314,0,2026002328.0
2404.0,90123000000000.0,ALIRIO RAUL PENA ALVARADO,EL OTICON CON LA ARGENT,Rural,62065,55597,6467,2026002332.0
2406.0,90125000000000.0,ALIRIO RAUL PENA ALVARADO,LA PRIMAVERA,Rural,12480,9990,2490,2026002334.0
2409.0,90129000000000.0,MILLER ALONSO TOLOZA MORA,LA ESPERANZA VDA: APURE,Rural,9910,8317,1592,2026002337.0
2412.0,90132000000000.0,GUMERCINDA MENDEZ TORRES,LA ESPERANZA,Rural,45385,39735,5650,2026002340.0
2413.0,90132500000001.0,NELLY COTAMO MENDEZ,MEJORA,Rural,16115,16114,0,2026002341.0
2414.0,90133000000000.0,VICTORIA SUAREZ VILLAMIZAR,EL NARANJO VDA APURE,Rural,31400,27660,3740,2026002342.0
2415.0,90134000000000.0,MIGUEL SIERRA MORA,CARRASQUILLAS,Rural,24795,21562,3232,2026002343.0
2416.0,90135000000000.0,HILDA CARVAJAL,CARRASQUILLAS VDA APURE,Rural,33310,28942,4367,2026002344.0
2417.0,90136000000000.0,CARMEN NIOLIMA SIERRA SIERRA,CARRASQUILLAS VDA APURE,Rural,54460,40845,13615,2026002345.0
2421.0,90140000000000.0,CARMELITA CARVAJAL PENA,LA ESPERANZA VDA: APURE,Rural,90895,90892,2,2026002349.0
2422.0,90141000000000.0,MARINA VARGAS MARTINEZ,LA CUADRA VDA APURE,Rural,112355,108735,3620,2026002350.0
2425.0,90146000000000.0,MARIA CELEST VILLAMIZAR BOHORQUEZ,EL RECREO VDA APURE,Rural,46815,45307,1507,2026002353.0
2426.0,90147000000000.0,LUIS ALMINCAR MARTINEZ FLOREZ,TOLU VDA APURE,Rural,112355,108735,3620,2026002354.0
2427.0,90148000000000.0,LUIS ALMINCAR MARTINEZ FLOREZ,LOS EUCALIPTUS VDA: APURE,Rural,112355,108735,3620,2026002355.0
2428.0,90149000000000.0,DEXI JULIETH ROJAS MARTINEZ,LA VEGA,Rural,41640,39862,1777,2026002356.0
2429.0,90150000000000.0,NELLY BARAJAS FLOREZ,CRUZ BLANCA VDA: APURE,Rural,112355,108735,3620,2026002357.0
2430.0,90151000000000.0,MARTHA LUCY CASTELLANOS ORTIZ,RANCHO ALEGRE LA ESMERALDA,Rural,187255,181215,6040,2026002358.0
2435.0,90156000000000.0,SANDRA ROCIO RUEDA BALLESTEROS,LOS NARANJOS,Rural,6855,6630,225,2026002363.0
2436.0,90158000000000.0,TATIANA KATHERINE CACERES REYES,BELLA VISTA VDA: APURE,Rural,15995,15994,0,2026002364.0
2439.0,90162000000000.0,ASTHER CARVAJAL ALARCON,ALBANIA,Rural,100925,93135,7790,2026002367.0
2441.0,90166000000000.0,DORA MENESES QUINTERO,SANTA ELENA VDA APURE,Rural,74900,72472,2427,2026002369.0
2442.0,90170000000000.0,ARTURO CORREA MEZA,LA PROVIDENCIA VDA APURE,Rural,37450,36247,1202,2026002370.0
2443.0,90171000000000.0,MILTON JOSE REYES BOHORQUEZ,JABONCILLO VDA APURE,Rural,132190,132189,0,2026002371.0
2450.0,90178000000000.0,PEDRO JULIO FLOREZ TAMI,CASA DE HABITACION Y TERRENO ADJUN,Rural,14980,14490,490,2026002378.0
2457.0,90185000000000.0,ANTONIO ALARCON SIERRA,LA VEGA VDA APURE,Rural,108610,105097,3512,2026002384.0
2460.0,90188000000000.0,ALVARO DE JESUS MANOSALVA,LA VEGA VDA APURE,Rural,74900,72472,2427,2026002387.0
2461.0,90189000000000.0,LUIS ALFREDO CE SANDOVAL SANDOVAL,CARRASQUILLAS,Rural,34190,25642,8547,2026002388.0
2463.0,90192000000000.0,LISANDRO SALINAS CALDERON,EL EUCALIPTUS,Rural,121715,117780,3935,2026002390.0
2464.0,90194000000000.0,ALIRIO RAUL PENA ALVARADO,PUERTO VIEJO,Rural,144795,121470,23325,2026002391.0
2466.0,90197000000000.0,MARCO ANTONIO DIAZ,PARTE SOLAR,Rural,14980,14490,490,2026002393.0
2469.0,90200000000000.0,SILVERIO RAMIREZ DIAZ,LA AGUADA VDA APURE,Rural,4710,3937,772,2026002396.0
2470.0,90201000000000.0,EDGAR PEREZ BELLO,LA CORRALEJA VDA APURE,Rural,29215,29214,0,2026002397.0
2471.0,90202000000000.0,NELCY FERNANDEZ MENDOZA,VERDERICO VDA: APURE,Rural,50185,48060,2125,2026002398.0
2475.0,90208000000000.0,HEDER DIAZ RIVERO,TERRENO VEGA,Rural,22470,21750,720,2026002401.0
2481.0,90215000000000.0,ILEANA ALVARADO RINCON,LOS NARANJITOS VDA APURE,Rural,80255,78157,2097,2026002405.0
2482.0,90216000000000.0,SANDRA ROCIO RUEDA BALLESTEROS,LA CENTRAL VDA APURE,Rural,6290,6090,200,2026002406.0
2484.0,90218000000000.0,ILEANA ALVARADO RINCON,EL CUCHARAL VDA APURE,Rural,14140,11872,2267,2026002408.0
2485.0,90219000000000.0,DONALDO ALVARADO ALVARADO,LA LOMA VDA APURE,Rural,185095,157102,27992,2026002409.0
2486.0,90220000000000.0,NORALBA RIOS ROBLES,LA COLMENA VDA APURE,Rural,90420,67815,22605,2026002410.0
2487.0,90221000000000.0,ANGELMIRO ALVARADO BOHORQUEZ,EL MORAL,Rural,106320,79740,26580,2026002411.0
2488.0,90226000000000.0,CECILIA CARVAJAL JAIMES,LOTE DE TERRENO VDA APURE,Rural,3375,3374,0,2026002412.0
2489.0,90228000000000.0,JOSE YAMID BASTO SANTOS,EL PINO VDA APURE,Rural,36230,27172,9057,2026002413.0
2490.0,90229000000000.0,DONALDO ALVARADO ALVARADO,LA EUCALIPTA VDA: APURE,Rural,103080,77310,25770,2026002414.0
2492.0,90234000000000.0,EDGAR CORREA PEREZ,LOTE DE TERRENO VDA: APURE,Rural,8590,8589,0,2026002416.0
2493.0,90235000000000.0,ROSA RIANO CACERES,LOTE TERRENO VDA: APURE,Rural,720,697,22,2026002417.0
2499.0,90241000000000.0,INVERSIONES DELGADO SUAREZ LIMITA,GALLINAZO VDA APURE,Rural,241620,181215,60405,2026002423.0
2500.0,90242000000000.0,LA SOCIEDAD HERMANOS MORALES LIMITA,CARRASQUILLAS,Rural,200,150,50,2026002424.0
2501.0,90243000000000.0,LA SOCIEDAD HERMANOS MORALES LIMITA,EL LIMONCITO,Rural,182090,165795,16295,2026002425.0
2502.0,90244000000000.0,LA SOCIEDAD HERMANOS MORALES LIMITA,LLANO GRANDE,Rural,342460,327240,15220,2026002426.0
2504.0,90246000000000.0,DEISY CONSUELO JAUREGUI PACHECO,EL POTRERITO VDA: APURE,Rural,19815,18120,1695,2026002428.0
2512.0,90256000000000.0,LUIS ALMINCAR MARTINEZ FLOREZ,EL UVO VDA APURE,Rural,19125,18510,615,2026002435.0
2513.0,90257000000000.0,JORGE ARTURO MENDEZ MELENDEZ,BUENOS AIRES,Rural,225975,219307,6667,2026002436.0
2519.0,90263000000000.0,EDGAR CORREA PEREZ,LOTE VDA: APURE,Rural,4040,3862,177,2026002442.0
2527.0,90273000000000.0,FELIX SAUL CASTELLANOS CASTANEDA,EL MIRADOR,Rural,23795,23794,0,2026002443.0
2528.0,90274000000000.0,BLANCA IMELDA ALVARADO RINCON,EL DIAMANTE VDA APURE,Rural,53485,48855,4630,2026002444.0
2529.0,90275000000000.0,WILSON VILLAMIZAR ALVARADO,EL PORVENIR VDA APURE,Rural,35235,35234,0,2026002445.0
2531.0,90277000000000.0,FELIPE HERNANDEZ ORDUZ,CS 2 MZ A UR VILLAS DE LA INMACULA,Rural,550,525,25,2026002447.0
2533.0,90279000000000.0,ROSA EMMA ALVARADO CARRILLO,CS 4 MZ A UR VILLAS DE LA INMACULA,Rural,550,525,25,2026002449.0
2534.0,90280000000000.0,RAUL ANGARITA ESPINEL,CS 5 MZ A UR VILLAS DE LA INMACULA,Rural,37250,37249,0,2026002450.0
2536.0,90282000000000.0,ROSALBA BASTO CARVAJAL,CS 7 MZ B UR VILLAS DE LA INMACULA,Rural,37250,37249,0,2026002452.0
2538.0,90284000000000.0,IVAN BORRERO ORTIZ,CS 9 MZ B UR VILLAS DE LA INMACULA,Rural,37250,37249,0,2026002454.0
2539.0,90285000000000.0,MARTHA HELENA BASTO CASTRO,CS 10 MZ B UR VILLAS DE LA INMACUL,Rural,37250,37249,0,2026002455.0
2541.0,90287000000000.0,REYES PALACIOS VERA,CS 12 MZ B UR VILLAS DE LA INMACUL,Rural,37250,37249,0,2026002457.0
2542.0,90288000000000.0,JENNIFER CAROLINA VARGAS GONZALEZ,CS 13 MZ B UR VILLAS DE LA INMACUL,Rural,37250,37249,0,2026002458.0
2543.0,90289000000000.0,ANGEL TEODORO CACERES BORRERO,CS 14 MZ B UR VILLAS DE LA INMACUL,Rural,37250,37249,0,2026002459.0
2544.0,90290000000000.0,MYRIAM REYES VEGA,CS 15 MZ B UR VILLAS DE LA INMACUL,Rural,37250,37249,0,2026002460.0
2545.0,90291000000000.0,JUAN JAIMES BOHORQUEZ,CS 16 MZ B UR VILLAS DE LA INMACUL,Rural,37250,37249,0,2026002461.0
2546.0,90292000000000.0,ROQUE ORTIZ RIVERA,CS 17 MZ C UR VILLAS DE LA INMACUL,Rural,37250,37249,0,2026002462.0
2547.0,90293000000000.0,HERMAN CARVAJAL CARVAJAL,CS 18 MZ C UR VILLAS DE LA INMACUL,Rural,37250,37249,0,2026002463.0
2551.0,90297000000000.0,HENRY JAVIER SIERRA CARVAJAL,CS 22 MZ C UR VILLAS DE LA INMACULADA CONCEPCION,Rural,37250,37249,0,2026002467.0
2552.0,90298000000000.0,NOHEMY BERMUDEZ ALVARADO,CS 23 MZ C UR VILLAS DE LA INMACUL,Rural,37250,37249,0,2026002468.0
2556.0,90302000000000.0,LUIS EVELIO BASTO CARVAJAL,CS 27 MZ D UR VILLAS DE LA INMACUL,Rural,37250,37249,0,2026002472.0
2557.0,90303000000000.0,RAFAEL SANDOVAL SUAREZ,CS 28 MZ D UR VILLAS DE LA INMACUL,Rural,37250,37249,0,2026002473.0
2558.0,90304000000000.0,GLORIA EMILCEN ORTIZ ORDUZ,CS 29 MZ D UR VILLAS DE LA INMACUL,Rural,37250,37249,0,2026002474.0
2559.0,90305000000000.0,BELCY AMPARO PENARANDA ACEROS,CS 30 MZ D UR VILLAS DE LA INMACUL,Rural,37250,37249,0,2026002475.0
2560.0,90306000000000.0,MARLENE ORTIZ GIL,CS 31 MZ D UR VILLAS DE LA INMACUL,Rural,37250,37249,0,2026002476.0
2561.0,90307000000000.0,GLORIA SMITH VILLAMIZAR VEGA,CS 32 MZ D UR VILLAS DE LA INMACUL,Rural,37250,37249,0,2026002477.0
2562.0,90308000000000.0,NIDIA ESPERANZA CALDERON DURAN,CS 33 MZ D UR VILLAS DE LA INMACUL,Rural,37250,37249,0,2026002478.0
2575.0,90321000000000.0,DEISY CONSUELO JAUREGUI PACHECO,EL RUBI VDA APURE,Rural,51065,45930,5135,2026002491.0
3927.0,90336000000000.0,FELIX SAUL CASTELLANOS CASTANEDA,EL MIRADOR,Rural,15135,12682,2452,2026003758.0
3928.0,90337000000000.0,JOSUE FERNANDEZ MENDOZA,LO No 2,Rural,410,375,35,2026003759.0
3929.0,90338000000000.0,JOSUE FERNANDEZ MENDOZA,LO No 3,Rural,380,345,35,2026003760.0
3930.0,90339000000000.0,JOSUE FERNANDEZ MENDOZA,LO No 4,Rural,350,322,27,2026003761.0
3931.0,90340000000000.0,JOSUE FERNANDEZ MENDOZA,LO No 5 AREA COMUN,Rural,215,195,20,2026003762.0
4092.0,90345000000000.0,JUAN BENEDICTO OJEDA FLOREZ,EL TRIANGULO,Rural,1390,0,1390,2026003897.0
2656.0,110043000000000.0,JOSE BAUTISTA RIANO,CAMPO HERMOSO,Rural,28835,24157,4677,2026002569.0
2709.0,110099000000000.0,LUIS DAVID GONZALEZ BASTOS,LA DESPENSA,Rural,21625,18120,3505,2026002622.0
2716.0,110106000000000.0,PABLO EMILIO JAIMES BOHADA,BUENOS AIRES VDA: MOJICONES,Rural,13515,11325,2190,2026002629.0
2745.0,110139000000000.0,HILARION VILLAMIZAR CARVAJAL,LA PALMERA VDA MOJICONES,Rural,32435,27172,5262,2026002657.0
2763.0,110157000000000.0,PABLO EMILIO JAIMES BOHADA,CORRALITOS VDA: MOJICONES,Rural,7210,6037,1172,2026002675.0
2764.0,110158000000000.0,JORGE GUERRERO,LOS TUNELES-EL PALON VDA: MOJICO,Rural,85600,71737,13862,2026002676.0
2768.0,110162000000000.0,ERIKA SHIRLEY ANTOLINEZ CALDERON,LA ARGENTINA VDA MOJICONES,Rural,108125,90600,17525,2026002680.0
2769.0,110163000000000.0,JOSE DEL CARMEN MERCHAN GUERRERO,LA VEGA VDA MOJICONES,Rural,435,352,82,2026002681.0
2795.0,110190000000000.0,ALCIDES MERCHAN VARGAS,EL CEDRO VDA MOJICONES,Rural,45520,38145,7375,2026002707.0
2797.0,110192000000000.0,JOSE ANTONIO FLOREZ ROMERO,EL NARANJITO,Rural,14415,12075,2340,2026002709.0
2805.0,110202000000000.0,JOSE ANTONIO FLOREZ ROMERO,EL CAIRO,Rural,155410,130230,25180,2026002716.0
2806.0,110203000000000.0,MELIDA RANGEL ROJAS,BUENOS AIRES VDA MOJICONES,Rural,89205,74745,14460,2026002717.0
2809.0,110207000000000.0,PABLO EMILIO JAIMES BOHADA,EL REFUGIO VDA: MOJICONES,Rural,26850,22500,4350,2026002720.0
2811.0,110209000000000.0,PABLO EMILIO JAIMES BOHADA,EL CAMPAMENTO VDA: MOJICONES,Rural,10490,8782,1707,2026002722.0
2812.0,110210000000000.0,PABLO EMILIO JAIMES BOHADA,SAN BERNANRDO,Rural,50460,42285,8175,2026002723.0
2819.0,110218000000000.0,MARIO ANTONIO JAIMES REYES,EL SAMAGAL VDA MOJICONES,Rural,108125,90600,17525,2026002730.0
2825.0,110225000000000.0,JORGE GUERRERO,LA ARGENTINA VDA MOJICONES,Rural,94410,81780,12630,2026002736.0
2826.0,110226000000000.0,JORGE GUERRERO,SABANA DE LOS ALPES VDA: MOJICON,Rural,58565,49072,9492,2026002737.0
2872.0,130012000000000.0,HILARION VILLAMIZAR CARVAJAL,EL ESTRECHO,Rural,43700,36630,7070,2026002782.0
,,,,,0,0,19150442,
